"Country","Year","Dentists (per 10 000 population)","Dentists (number)","Dental Assistants and Therapists (number)","Dental Prosthetic Technicians (number)"
"Afghanistan","2016","0.034","120","",""
"Afghanistan","2015","0.036","123","",""
"Afghanistan","2014","0.033","111","",""
"Afghanistan","2008","0.138","382","",""
"Afghanistan","2007","0.115","311","",""
"Afghanistan","2006","0.127","337","",""
"Albania","2006","3.379","1035","",""
"Albania","2003","4.330","1350","",""
"Albania","2002","4.293","1342","",""
"Albania","2001","4.873","1525","",""
"Albania","2000","4.656","1457","",""
"Albania","1999","4.563","1425","",""
"Albania","1998","4.468","1390","",""
"Albania","1997","4.388","1360","",""
"Albania","1996","3.334","1033","",""
"Albania","1995","3.678","1145","",""
"Albania","1994","4.100","1290","",""
"Albania","1993","3.868","1236","",""
"Albania","1992","3.666","1190","",""
"Albania","1991","3.518","1154","",""
"Albania","1990","3.393","1115","",""
"Albania","1989","","1099","",""
"Algeria","2018","3.656","15437","46","729"
"Algeria","2007","3.109","10621","","389"
"Algeria","2005","2.722","9022","",""
"Algeria","2002","2.782","8861","15","677"
"Andorra","2015","8.205","64","",""
"Andorra","2009","6.036","51","",""
"Andorra","2007","5.683","47","",""
"Andorra","2006","5.679","46","",""
"Andorra","2005","5.830","46","",""
"Andorra","2004","5.898","45","",""
"Andorra","2003","6.011","44","",""
"Andorra","2002","6.000","42","",""
"Andorra","2001","6.241","42","",""
"Andorra","2000","6.575","43","",""
"Andorra","1999","4.814","31","",""
"Andorra","1998","5.304","34","",""
"Andorra","1997","7.465","48","",""
"Andorra","1995","4.851","31","",""
"Angola","2004","0.118","222","",""
"Angola","1997","0.001","2","",""
"Antigua and Barbuda","2014","0.432","4","7",""
"Antigua and Barbuda","1997","1.813","13","",""
"Argentina","2004","9.247","35592","",""
"Argentina","2001","9.643","35944","",""
"Argentina","1998","8.014","28900","",""
"Argentina","1992","6.532","21900","",""
"Armenia","2017","5.562","1638","",""
"Armenia","2015","3.692","1080","",""
"Armenia","2014","3.907","1138","",""
"Armenia","2013","4.193","1215","",""
"Armenia","2012","4.473","1290","",""
"Armenia","2011","4.509","1297","",""
"Armenia","2010","4.369","1257","",""
"Armenia","2009","4.311","1245","",""
"Armenia","2008","4.117","1197","",""
"Armenia","2007","3.441","1009","",""
"Armenia","2006","3.194","945","",""
"Armenia","2005","3.217","959","",""
"Armenia","2004","2.353","706","",""
"Armenia","2003","2.084","629","",""
"Armenia","2002","1.931","586","",""
"Armenia","2001","1.691","516","",""
"Armenia","2000","2.417","742","",""
"Australia","2017","5.947","14620","",""
"Australia","2016","5.855","14205","",""
"Australia","2015","5.784","13843","",""
"Australia","2014","5.709","13472","",""
"Australia","2013","5.611","13049","",""
"Australia","2012","5.574","12767","",""
"Australia","2011","5.352","12062","",""
"Australia","2010","5.179","11473","",""
"Australia","2009","5.266","11455","",""
"Australia","2006","4.872","10001","",""
"Australia","2005","4.992","10074","",""
"Australia","2001","4.272","8200","13096",""
"Australia","1996","12.820","23318","",""
"Austria","2017","5.679","5009","",""
"Austria","2016","5.663","4954","",""
"Austria","2015","5.653","4906","",""
"Austria","2014","5.679","4893","",""
"Austria","2013","5.672","4853","",""
"Austria","2012","5.642","4797","",""
"Austria","2011","5.611","4743","",""
"Austria","2010","5.571","4685","",""
"Austria","2009","5.517","4619","",""
"Austria","2008","5.447","4544","",""
"Austria","2007","5.401","4490","",""
"Austria","2006","5.391","4467","",""
"Austria","2005","5.127","4232","",""
"Austria","2004","5.006","4113","",""
"Austria","2003","4.938","4037","",""
"Austria","2002","4.863","3956","",""
"Austria","2001","4.790","3879","",""
"Austria","2000","4.613","3722","",""
"Austria","1999","4.553","3666","",""
"Austria","1998","4.507","3624","",""
"Austria","1997","4.504","3618","",""
"Austria","1996","4.381","3513","",""
"Austria","1995","4.229","3379","",""
"Austria","1994","4.121","3275","",""
"Austria","1993","3.988","3147","",""
"Austria","1992","3.828","2998","",""
"Austria","1991","3.717","2889","",""
"Austria","1990","3.588","2771","",""
"Austria","1989","","2663","",""
"Azerbaijan","2014","2.736","2601","",""
"Azerbaijan","2013","2.613","2452","",""
"Azerbaijan","2012","2.656","2461","",""
"Azerbaijan","2011","2.625","2401","",""
"Azerbaijan","2010","2.731","2467","",""
"Azerbaijan","2009","2.753","2457","",""
"Azerbaijan","2008","2.818","2486","",""
"Azerbaijan","2007","2.891","2522","",""
"Azerbaijan","2006","2.817","2431","",""
"Azerbaijan","2005","2.803","2393","",""
"Azerbaijan","2004","2.747","2321","",""
"Azerbaijan","2003","2.721","2275","",""
"Azerbaijan","2002","2.809","2325","",""
"Azerbaijan","2001","2.751","2255","",""
"Azerbaijan","2000","2.750","2234","",""
"Azerbaijan","1999","2.784","2242","",""
"Azerbaijan","1998","2.852","2279","",""
"Azerbaijan","1997","3.063","2428","",""
"Azerbaijan","1996","3.162","2484","",""
"Azerbaijan","1995","3.210","2496","",""
"Azerbaijan","1994","3.209","2466","",""
"Azerbaijan","1993","3.109","2357","",""
"Azerbaijan","1992","3.070","2294","",""
"Azerbaijan","1991","3.019","2221","",""
"Azerbaijan","1990","2.988","2164","",""
"Azerbaijan","1989","","2170","",""
"Bahamas","2017","2.672","102","",""
"Bahamas","2011","2.336","84","40","6"
"Bahamas","2008","2.299","79","31","5"
"Bahrain","2015","0.977","134","","82"
"Bahrain","2014","0.980","131","","208"
"Bahrain","2013","1.019","134","","196"
"Bahrain","2012","1.069","139","","191"
"Bahrain","2011","0.994","127","","181"
"Bahrain","2010","0.983","122","","172"
"Bahrain","2009","0.996","118","","159"
"Bahrain","2008","1.068","119","","154"
"Bahrain","2006","1.075","103","","150"
"Bahrain","2005","1.102","98","","145"
"Bahrain","2004","2.169","180","96","66"
"Bangladesh","2019","0.589","9608","","23"
"Bangladesh","2018","0.595","9608","",""
"Bangladesh","2017","0.511","8155","",""
"Bangladesh","2016","0.444","7015","",""
"Bangladesh","2015","0.417","6520","",""
"Bangladesh","2014","0.412","6360","",""
"Bangladesh","2013","0.395","6034","",""
"Bangladesh","2012","0.319","4815","","2170"
"Bangladesh","2011","0.323","4815","","2170"
"Bangladesh","2010","0.294","4336","","1916"
"Bangladesh","2009","0.263","3841","","1682"
"Bangladesh","2008","0.234","3383","","1436"
"Bangladesh","2007","0.144","2059","","1103"
"Bangladesh","2005","0.169","2344","",""
"Bangladesh","2004","0.142","1948","","589"
"Bangladesh","2002","0.142","1886","",""
"Barbados","2017","3.075","88","",""
"Barbados","2005","3.004","83","11",""
"Barbados","2001","2.202","60","","2"
"Barbados","1995","1.880","50","11",""
"Belarus","2018","6.228","5887","6768","1822"
"Belarus","2015","5.923","5591","",""
"Belarus","2014","5.740","5414","",""
"Belarus","2013","5.514","5196","",""
"Belarus","2012","5.516","5194","",""
"Belarus","2011","5.441","5123","",""
"Belarus","2010","5.400","5087","",""
"Belarus","2009","5.493","5182","",""
"Belarus","2008","5.411","5115","",""
"Belarus","2007","5.046","4784","",""
"Belarus","2006","4.883","4647","",""
"Belarus","2005","4.764","4555","",""
"Belarus","2004","4.634","4456","",""
"Belarus","2003","4.458","4315","",""
"Belarus","2002","4.488","4374","",""
"Belarus","2001","4.477","4393","",""
"Belarus","2000","4.543","4485","",""
"Belarus","1999","4.526","4492","",""
"Belarus","1998","4.151","4139","",""
"Belarus","1997","3.987","3991","",""
"Belarus","1996","3.866","3883","",""
"Belarus","1995","3.667","3695","",""
"Belarus","1994","3.607","3646","",""
"Belarus","1993","3.481","3528","",""
"Belarus","1992","3.294","3345","",""
"Belarus","1991","3.232","3284","",""
"Belarus","1990","3.191","3239","",""
"Belarus","1989","","3157","",""
"Belgium","2018","10.474","12027","",""
"Belgium","2017","7.457","8516","",""
"Belgium","2016","7.467","8478","",""
"Belgium","2015","7.345","8291","",""
"Belgium","2014","7.226","8108","",""
"Belgium","2013","7.141","7965","",""
"Belgium","2012","7.099","7869","",""
"Belgium","2011","7.061","7777","",""
"Belgium","2010","7.016","7675","",""
"Belgium","2009","7.049","7655","",""
"Belgium","2008","7.109","7663","",""
"Belgium","2007","7.176","7677","",""
"Belgium","2006","7.296","7748","",""
"Belgium","2005","7.295","7694","",""
"Belgium","2004","7.359","7712","",""
"Belgium","2003","7.371","7680","",""
"Belgium","2002","7.414","7685","",""
"Belgium","2001","7.443","7680","",""
"Belgium","2000","7.449","7659","",""
"Belgium","1999","8.119","8326","",""
"Belgium","1998","8.049","8240","",""
"Belgium","1997","7.918","8095","",""
"Belgium","1996","7.829","7992","",""
"Belgium","1995","7.708","7852","",""
"Belgium","1994","7.554","7672","",""
"Belgium","1993","7.507","7596","",""
"Belgium","1992","7.467","7525","",""
"Belgium","1991","7.384","7413","",""
"Belgium","1990","7.280","7285","",""
"Belgium","1989","","7182","",""
"Belize","2019","1.383","54","31","5"
"Belize","2017","1.543","58","",""
"Belize","2010","0.372","12","",""
"Belize","2009","0.381","12","",""
"Belize","2000","1.294","32","",""
"Benin","2018","0.010","12","",""
"Benin","2016","0.008","9","",""
"Benin","2008","0.043","37","",""
"Benin","2004","0.014","11","","1"
"Bhutan","2019","0.773","59","72","32"
"Bhutan","2018","0.795","60","67","38"
"Bhutan","2017","0.899","67","","44"
"Bhutan","2007","0.105","7","","58"
"Bhutan","2004","0.157","10","34","14"
"Bolivia (Plurinational State of)","2016","2.201","2428","",""
"Bolivia (Plurinational State of)","2011","1.106","1130","",""
"Bolivia (Plurinational State of)","2010","0.971","976","",""
"Bolivia (Plurinational State of)","2007","0.626","598","",""
"Bolivia (Plurinational State of)","2001","","","742",""
"Bosnia and Herzegovina","2015","2.400","823","",""
"Bosnia and Herzegovina","2014","2.369","825","",""
"Bosnia and Herzegovina","2013","2.284","809","",""
"Bosnia and Herzegovina","2012","2.427","875","",""
"Bosnia and Herzegovina","2011","2.207","808","",""
"Bosnia and Herzegovina","2010","2.151","797","",""
"Bosnia and Herzegovina","2009","1.820","680","",""
"Bosnia and Herzegovina","2008","1.795","674","",""
"Bosnia and Herzegovina","2007","1.988","748","",""
"Bosnia and Herzegovina","2006","2.045","770","",""
"Bosnia and Herzegovina","2005","1.918","722","",""
"Bosnia and Herzegovina","2004","1.918","722","",""
"Bosnia and Herzegovina","2003","1.223","460","",""
"Bosnia and Herzegovina","2002","1.825","686","",""
"Bosnia and Herzegovina","2001","1.808","679","",""
"Bosnia and Herzegovina","2000","1.933","725","",""
"Bosnia and Herzegovina","1999","1.902","712","",""
"Bosnia and Herzegovina","1991","3.081","1346","",""
"Bosnia and Herzegovina","1990","3.155","1408","",""
"Bosnia and Herzegovina","1989","","1393","",""
"Botswana","2016","0.421","91","",""
"Botswana","2012","0.270","55","",""
"Botswana","2011","0.273","55","",""
"Botswana","2010","0.277","55","",""
"Botswana","2009","0.282","55","90",""
"Botswana","2008","0.094","18","80",""
"Botswana","2007","0.171","32","",""
"Botswana","2004","0.215","38","",""
"Brazil","2017","12.454","258842","78892",""
"Brazil","2010","11.395","223021","16152",""
"Brazil","2009","11.935","231399","",""
"Brazil","2008","11.828","227141","",""
"Brazil","2007","11.562","219827","",""
"Brazil","2006","11.544","217217","",""
"Brazil","2005","11.170","207904","",""
"Brazil","2004","9.675","178025","",""
"Brazil","2003","9.403","170953","",""
"Brazil","2002","9.090","163192","",""
"Brazil","2001","8.715","154426","",""
"Brazil","2000","8.777","153412","","37036"
"Brazil","1999","8.440","145441","",""
"Brazil","1998","8.146","138311","",""
"Brazil","1997","6.143","102714","",""
"Brunei Darussalam","2019","2.539","110","101","115"
"Brunei Darussalam","2015","2.266","94","89",""
"Brunei Darussalam","2014","","","266",""
"Brunei Darussalam","2012","2.356","94","72","8"
"Brunei Darussalam","2011","2.413","95","",""
"Brunei Darussalam","2010","2.213","86","",""
"Brunei Darussalam","2009","1.875","72","",""
"Brunei Darussalam","2008","2.161","82","",""
"Brunei Darussalam","2007","2.160","81","",""
"Brunei Darussalam","2006","2.025","75","",""
"Brunei Darussalam","2005","1.999","73","",""
"Brunei Darussalam","2004","1.892","68","",""
"Brunei Darussalam","2002","2.018","70","",""
"Brunei Darussalam","2000","1.441","48","",""
"Bulgaria","2015","10.482","7547","",""
"Bulgaria","2014","9.736","7054","",""
"Bulgaria","2013","10.004","7293","",""
"Bulgaria","2012","9.204","6750","",""
"Bulgaria","2011","9.056","6682","",""
"Bulgaria","2010","8.605","6389","",""
"Bulgaria","2009","8.736","6529","",""
"Bulgaria","2008","8.392","6314","",""
"Bulgaria","2007","8.527","6461","",""
"Bulgaria","2006","8.566","6537","",""
"Bulgaria","2005","8.477","6516","",""
"Bulgaria","2004","8.403","6508","",""
"Bulgaria","2003","8.297","6475","",""
"Bulgaria","2002","7.811","6144","",""
"Bulgaria","2001","8.173","6482","",""
"Bulgaria","2000","8.475","6778","",""
"Bulgaria","1999","5.770","4655","",""
"Bulgaria","1998","5.945","4838","",""
"Bulgaria","1997","6.381","5240","",""
"Bulgaria","1996","6.624","5493","",""
"Bulgaria","1995","6.541","5481","",""
"Bulgaria","1994","6.537","5540","",""
"Bulgaria","1993","6.678","5727","",""
"Bulgaria","1992","6.575","5705","",""
"Bulgaria","1991","6.729","5899","",""
"Bulgaria","1990","6.909","6109","",""
"Bulgaria","1989","","6048","",""
"Burkina Faso","2018","0.046","91","185","2"
"Burkina Faso","2017","0.042","80","",""
"Burkina Faso","2012","0.023","38","",""
"Burkina Faso","2010","0.021","32","",""
"Burkina Faso","2004","0.045","58","",""
"Burundi","2013","0.004","4","",""
"Burundi","2011","0.002","2","",""
"Burundi","2010","0.002","2","",""
"Burundi","2004","0.020","14","",""
"Cabo Verde","2016","0.075","4","",""
"Cabo Verde","2011","0.060","3","",""
"Cabo Verde","2010","0.081","4","",""
"Cabo Verde","2009","0.062","3","",""
"Cabo Verde","2008","0.062","3","",""
"Cabo Verde","2007","0.063","3","",""
"Cabo Verde","2006","0.064","3","",""
"Cambodia","2014","0.165","252","125",""
"Cambodia","2013","0.159","239","58",""
"Cambodia","2012","0.151","223","61",""
"Cambodia","2011","0.201","292","",""
"Cambodia","2010","0.169","242","",""
"Cambodia","2009","0.174","245","",""
"Cambodia","2008","0.186","258","",""
"Cambodia","2000","0.172","209","",""
"Cambodia","1998","0.059","68","143",""
"Cambodia","1996","0.058","64","125",""
"Cameroon","2016","0.037","88","",""
"Cameroon","2011","0.028","58","",""
"Cameroon","2010","0.029","58","",""
"Cameroon","2009","0.016","32","",""
"Cameroon","2007","0.021","39","",""
"Cameroon","2005","0.015","26","",""
"Canada","2016","6.393","23261","",""
"Central African Republic","2018","0.024","11","","1"
"Central African Republic","2009","0.009","4","","8"
"Central African Republic","2008","0.012","5","","8"
"Central African Republic","2004","0.015","6","","7"
"Chad","2019","0.018","29","45","16"
"Chad","2004","0.007","7","","8"
"Chile","2018","12.549","23504","",""
"Chile","2017","11.856","21899","",""
"Chile","2016","10.500","19120","",""
"Chile","2015","10.043","18046","",""
"Chile","2014","9.077","16119","",""
"Chile","2013","8.188","14388","",""
"Chile","2012","7.067","12297","",""
"Chile","2011","5.940","10236","",""
"Chile","2010","5.608","9568","",""
"Chile","2009","0.009","15","",""
"Chile","2008","0.008","14","",""
"Chile","2007","0.008","14","",""
"Chile","2006","0.009","14","",""
"Chile","2005","0.007","12","",""
"Chile","2004","0.007","12","",""
"Chile","2003","0.008","13","",""
"Chile","2002","0.006","9","",""
"Chile","1992","","","4390",""
"China","2017","4.458","637000","",""
"China","2011","0.860","119000","",""
"China","2005","0.381","51012","",""
"Colombia","2015","9.743","46299","",""
"Colombia","2010","9.919","44858","",""
"Colombia","2009","9.682","43325","",""
"Colombia","2008","9.447","41809","",""
"Colombia","2007","9.217","40311","",""
"Colombia","2006","8.989","38832","",""
"Colombia","2005","8.763","37371","",""
"Colombia","2004","8.539","35928","",""
"Colombia","2003","8.317","34504","",""
"Colombia","2002","8.306","33951","",""
"Colombia","2001","7.878","31712","",""
"Colombia","2000","7.657","30344","",""
"Colombia","1999","7.408","28892","",""
"Colombia","1998","7.174","27523","",""
"Colombia","1997","6.923","26115","",""
"Colombia","1996","6.604","24486","",""
"Colombia","1995","6.312","22991","",""
"Colombia","1994","6.051","21637","",""
"Colombia","1993","5.872","20606","",""
"Colombia","1992","5.663","19492","",""
"Colombia","1991","5.389","18192","",""
"Colombia","1990","5.074","16795","",""
"Colombia","1989","","15655","",""
"Comoros","2018","0.396","33","6","51"
"Comoros","2012","0.249","18","",""
"Comoros","2009","0.312","21","",""
"Comoros","2005","0.278","17","",""
"Comoros","2004","0.285","17","3","9"
"Congo","2011","0.303","133","",""
"Congo","2004","","","","2"
"Congo","1998","0.339","100","",""
"Cook Islands","2019","3.419","6","8","1"
"Cook Islands","2014","12.429","22","",""
"Cook Islands","2009","2.151","4","","15"
"Cook Islands","2004","5.291","10","",""
"Cook Islands","2001","5.556","10","",""
"Costa Rica","2017","0.099","49","",""
"Costa Rica","2016","1.400","686","6","5"
"Costa Rica","2015","1.450","703","96","19"
"Costa Rica","2013","1.263","599","",""
"Costa Rica","2000","3.702","1467","438",""
"Côte d'Ivoire","2019","0.145","373","","40"
"Côte d'Ivoire","2014","0.216","490","120","190"
"Côte d'Ivoire","2008","0.140","274","",""
"Côte d'Ivoire","2005","0.111","204","",""
"Côte d'Ivoire","2004","0.189","339","",""
"Croatia","2015","7.907","3347","",""
"Croatia","2014","7.818","3327","",""
"Croatia","2013","7.541","3225","",""
"Croatia","2012","7.503","3223","",""
"Croatia","2011","7.331","3162","",""
"Croatia","2010","7.296","3158","",""
"Croatia","2009","7.585","3293","",""
"Croatia","2008","7.559","3290","",""
"Croatia","2007","7.484","3265","",""
"Croatia","2006","7.390","3230","",""
"Croatia","2005","7.350","3218","",""
"Croatia","2004","7.283","3193","",""
"Croatia","2003","7.029","3085","",""
"Croatia","2002","6.886","3027","",""
"Croatia","2001","6.853","3021","",""
"Croatia","2000","6.716","2974","",""
"Croatia","1999","6.548","2918","",""
"Croatia","1998","6.587","2959","",""
"Croatia","1997","6.259","2837","",""
"Croatia","1996","6.053","2769","",""
"Croatia","1995","5.788","2672","",""
"Croatia","1994","5.558","2589","",""
"Croatia","1993","5.701","2678","",""
"Croatia","1992","4.293","2032","",""
"Croatia","1991","4.359","2075","",""
"Croatia","1990","4.736","2262","",""
"Croatia","1989","","2286","",""
"Cuba","2017","16.812","19064","",""
"Cuba","2014","14.708","16630","","4402"
"Cuba","2013","13.515","15249","","4459"
"Cuba","2012","12.435","13998","","5216"
"Cuba","2011","11.385","12793","",""
"Cuba","2010","10.818","12144","",""
"Cuba","2009","10.308","11572","",""
"Cuba","2008","9.997","11234","",""
"Cuba","2007","9.676","10887","",""
"Cuba","2006","9.547","10751","",""
"Cuba","2005","9.372","10554","",""
"Cuba","2004","9.290","10452","",""
"Cuba","2003","9.054","10167","",""
"Cuba","2002","8.889","9955","",""
"Cuba","2001","8.847","9877","",""
"Cuba","2000","8.913","9917","",""
"Cuba","1999","8.947","9918","",""
"Cuba","1998","8.944","9873","",""
"Cuba","1997","8.932","9816","",""
"Cuba","1996","8.776","9600","",""
"Cuba","1995","8.402","9148","",""
"Cuba","1994","8.151","8834","",""
"Cuba","1993","7.907","8531","",""
"Cuba","1992","7.504","8057","",""
"Cuba","1991","7.041","7515","",""
"Cuba","1990","6.567","6959","",""
"Cyprus","2015","7.545","876","",""
"Cyprus","2014","7.281","839","",""
"Cyprus","2013","7.247","829","",""
"Cyprus","2012","7.189","816","",""
"Cyprus","2011","6.961","783","",""
"Cyprus","2010","6.939","772","",""
"Cyprus","2009","6.894","757","",""
"Cyprus","2008","6.869","743","37","12"
"Cyprus","2007","6.797","723","",""
"Cyprus","2006","6.839","715","",""
"Cyprus","2005","7.084","728","",""
"Cyprus","2004","6.898","697","",""
"Cyprus","2003","6.753","671","",""
"Cyprus","2002","6.653","650","",""
"Cyprus","2001","6.602","634","",""
"Cyprus","2000","6.562","619","",""
"Cyprus","1999","6.523","604","",""
"Cyprus","1998","6.460","587","",""
"Cyprus","1997","6.430","573","",""
"Cyprus","1996","6.377","557","",""
"Cyprus","1995","6.348","543","",""
"Cyprus","1994","6.296","527","",""
"Cyprus","1993","6.082","498","",""
"Cyprus","1992","6.020","482","",""
"Cyprus","1991","5.887","461","",""
"Cyprus","1990","5.583","428","",""
"Cyprus","1989","","417","",""
"Czechia","2018","7.349","7838","5461","5513"
"Czechia","2017","7.444","7921","",""
"Czechia","2016","7.491","7955","",""
"Czechia","2015","7.981","8461","",""
"Czechia","2014","7.465","7906","",""
"Czechia","2013","7.015","7426","",""
"Czechia","2012","7.051","7461","",""
"Czechia","2011","7.031","7429","",""
"Czechia","2010","6.893","7263","",""
"Czechia","2009","6.762","7092","",""
"Czechia","2008","6.689","6974","",""
"Czechia","2007","6.708","6948","",""
"Czechia","2006","6.732","6933","",""
"Czechia","2005","6.732","6906","",""
"Czechia","2004","6.683","6843","",""
"Czechia","2003","6.580","6737","",""
"Czechia","2002","6.532","6697","",""
"Czechia","2001","6.521","6698","",""
"Czechia","2000","6.471","6658","",""
"Czechia","1999","6.235","6426","",""
"Czechia","1998","6.186","6386","",""
"Czechia","1997","6.255","6467","",""
"Czechia","1996","6.059","6271","",""
"Czechia","1995","6.031","6247","",""
"Czechia","1994","5.923","6137","",""
"Czechia","1993","5.686","5890","",""
"Czechia","1992","5.472","5665","",""
"Czechia","1991","5.465","5654","",""
"Czechia","1990","5.441","5626","",""
"Czechia","1989","","5589","",""
"Democratic People's Republic of Korea","2017","2.200","5595","",""
"Democratic People's Republic of Korea","2012","1.861","4615","",""
"Democratic People's Republic of Korea","2008","1.775","4314","",""
"Democratic People's Republic of Korea","2003","1.680","3955","","4360"
"Democratic Republic of the Congo","2016","0.019","147","",""
"Democratic Republic of the Congo","2009","0.007","45","","34"
"Denmark","2016","7.436","4247","",""
"Denmark","2015","7.596","4321","",""
"Denmark","2014","7.666","4342","",""
"Denmark","2013","7.791","4393","",""
"Denmark","2012","7.938","4454","",""
"Denmark","2011","8.003","4468","",""
"Denmark","2010","8.180","4544","",""
"Denmark","2009","8.061","4455","",""
"Denmark","2008","8.209","4513","",""
"Denmark","2007","8.388","4588","",""
"Denmark","2006","8.499","4627","",""
"Denmark","2005","8.564","4643","",""
"Denmark","2004","8.571","4631","",""
"Denmark","2003","8.530","4595","",""
"Denmark","2002","8.523","4579","",""
"Denmark","2001","8.600","4608","",""
"Denmark","2000","8.579","4582","",""
"Denmark","1999","8.616","4585","",""
"Denmark","1998","8.737","4631","",""
"Denmark","1997","8.633","4556","",""
"Denmark","1996","8.579","4508","",""
"Denmark","1995","8.539","4468","",""
"Denmark","1994","8.543","4452","",""
"Denmark","1993","8.423","4372","",""
"Denmark","1992","8.458","4374","",""
"Djibouti","2014","0.211","19","",""
"Djibouti","2004","0.130","10","",""
"Djibouti","1999","0.086","6","",""
"Dominica","2017","0.699","5","",""
"Dominica","1997","0.567","4","",""
"Dominican Republic","2019","1.888","2028","470","459"
"Dominican Republic","2017","2.151","2261","",""
"Dominican Republic","2011","1.946","1910","",""
"Dominican Republic","2009","1.864","1785","",""
"Dominican Republic","2008","1.274","1205","",""
"Dominican Republic","2000","8.263","7000","",""
"Ecuador","2016","3.179","5243","",""
"Ecuador","2015","5.283","8564","2379",""
"Ecuador","2011","2.744","4183","",""
"Ecuador","2009","2.276","3363","",""
"Ecuador","2003","1.655","2213","",""
"Ecuador","2002","1.697","2230","",""
"Ecuador","2001","1.640","2118","",""
"Ecuador","2000","1.626","2062","",""
"Ecuador","1999","1.605","1997","",""
"Ecuador","1998","1.551","1892","",""
"Ecuador","1997","1.585","1894","",""
"Ecuador","1996","1.551","1815","",""
"Ecuador","1995","1.529","1751","",""
"Ecuador","1994","1.562","1751","",""
"Ecuador","1993","1.407","1542","",""
"Ecuador","1992","1.704","1826","",""
"Ecuador","1991","1.582","1657","",""
"Ecuador","1990","1.483","1517","",""
"Ecuador","1989","","1459","",""
"Egypt","2018","20.020","197046","","2428"
"Egypt","2017","1.982","19111","","2359"
"Egypt","2016","1.858","17552","","2252"
"Egypt","2015","1.826","16880","",""
"Egypt","2014","1.632","14753","",""
"Egypt","2004","1.105","8193","","1724"
"El Salvador","2016","","","1011",""
"El Salvador","2008","7.614","4669","",""
"El Salvador","2005","7.031","4255","",""
"El Salvador","2002","5.812","3465","",""
"El Salvador","1999","5.068","2962","",""
"Equatorial Guinea","2004","0.070","5","7","3"
"Eritrea","2004","0.059","16","",""
"Estonia","2018","13.780","1823","",""
"Estonia","2017","9.588","1265","",""
"Estonia","2016","9.548","1257","",""
"Estonia","2015","9.420","1239","",""
"Estonia","2014","9.291","1223","",""
"Estonia","2013","9.021","1190","",""
"Estonia","2012","9.039","1196","",""
"Estonia","2011","8.880","1179","",""
"Estonia","2010","8.993","1198","",""
"Estonia","2009","8.951","1196","",""
"Estonia","2008","9.231","1237","",""
"Estonia","2007","8.659","1164","",""
"Estonia","2006","8.848","1194","",""
"Estonia","2005","8.778","1190","",""
"Estonia","2004","8.184","1116","",""
"Estonia","2003","8.209","1127","",""
"Estonia","2002","7.804","1079","",""
"Estonia","2001","8.055","1121","",""
"Estonia","2000","7.526","1053","838",""
"Estonia","1999","7.551","1060","",""
"Estonia","1998","7.430","1045","",""
"Estonia","1997","7.399","1043","",""
"Estonia","1996","7.068","1002","",""
"Estonia","1995","6.483","929","",""
"Estonia","1994","6.122","892","",""
"Estonia","1993","5.880","875","",""
"Estonia","1992","5.589","850","",""
"Estonia","1991","5.368","831","",""
"Estonia","1990","5.188","812","",""
"Estonia","1989","","875","",""
"Eswatini","2019","0.122","14","19","16"
"Eswatini","2011","0.429","46","",""
"Eswatini","2009","0.123","13","30","16"
"Eswatini","2004","0.166","17","12","3"
"Eswatini","2000","0.030","3","17",""
"Ethiopia","2018","0.160","1745","",""
"Ethiopia","2003","0.008","60","","33"
"Fiji","2019","1.202","107","90","13"
"Fiji","2015","0.737","64","","177"
"Fiji","2009","2.003","171","",""
"Fiji","2003","0.735","60","",""
"Fiji","1999","0.397","32","",""
"Finland","2014","7.302","3988","",""
"Finland","2013","7.259","3948","",""
"Finland","2012","7.404","4009","",""
"Finland","2011","7.776","4191","",""
"Finland","2010","7.891","4234","",""
"Finland","2009","7.431","3970","",""
"Finland","2008","7.533","4007","",""
"Finland","2007","7.805","4135","",""
"Finland","2006","7.854","4145","",""
"Finland","2005","8.053","4235","",""
"Finland","2004","8.126","4260","",""
"Finland","2002","8.935","4658","1151","865"
"Finland","2001","8.768","4560","",""
"Finland","2000","8.500","4410","",""
"Finland","1999","9.324","4826","",""
"France","2018","6.668","43333","",""
"France","2017","6.657","43167","",""
"France","2016","6.653","43026","",""
"France","2015","6.610","42602","",""
"France","2014","6.586","42281","",""
"France","2013","6.587","42084","",""
"France","2012","6.567","41740","",""
"France","2011","6.565","41507","",""
"France","2010","6.862","43146","",""
"France","2009","6.894","43120","",""
"France","2008","6.962","43311","",""
"France","2007","7.047","43599","",""
"France","2006","7.093","43629","",""
"France","2005","7.129","43570","",""
"France","2004","7.132","43291","",""
"France","2003","7.153","43100","",""
"France","2002","7.165","42850","",""
"France","2001","7.183","42654","",""
"France","2000","7.214","42572","",""
"France","1999","6.829","40088","",""
"France","1998","6.751","39457","",""
"France","1997","6.780","39471","",""
"France","1996","6.820","39565","",""
"France","1995","6.871","39714","",""
"France","1994","6.822","39284","",""
"France","1993","6.775","38868","",""
"France","1992","6.728","38451","",""
"France","1991","6.702","38146","",""
"Gabon","2019","0.212","46","51","55"
"Gabon","2017","0.179","37","3","46"
"Gabon","2016","0.045","9","","33"
"Gabon","2008","0.198","30","",""
"Gabon","2004","0.103","14","","52"
"Gambia","2015","0.081","17","","3"
"Gambia","2008","0.071","12","24","11"
"Gambia","2007","0.067","11","24","11"
"Gambia","2006","0.063","10","",""
"Gambia","2005","0.065","10","",""
"Gambia","2003","0.048","7","","36"
"Georgia","2018","7.619","3050","",""
"Georgia","2017","6.162","2470","",""
"Georgia","2016","6.390","2566","",""
"Georgia","2015","6.135","2469","",""
"Georgia","2014","5.333","2152","",""
"Georgia","2013","4.979","2016","",""
"Georgia","2012","4.943","2009","",""
"Georgia","2011","4.271","1743","",""
"Georgia","2010","3.067","1257","",""
"Georgia","2009","2.631","1084","",""
"Georgia","2008","2.817","1167","",""
"Georgia","2007","2.877","1199","",""
"Georgia","2006","2.964","1242","",""
"Georgia","2005","3.245","1366","",""
"Georgia","2004","3.010","1272","",""
"Georgia","2003","3.322","1408","",""
"Georgia","2002","3.297","1404","",""
"Georgia","2001","3.107","1335","",""
"Georgia","2000","3.448","1504","",""
"Georgia","1999","3.871","1725","",""
"Georgia","1998","3.504","1603","",""
"Georgia","1997","3.625","1707","",""
"Georgia","1996","3.561","1726","",""
"Germany","2017","8.522","70445","",""
"Germany","2016","8.554","70306","",""
"Germany","2015","8.555","69969","",""
"Germany","2014","8.498","69214","",""
"Germany","2013","8.417","68328","",""
"Germany","2012","8.375","67817","",""
"Germany","2011","8.283","66974","",""
"Germany","2010","8.218","66427","",""
"Germany","2009","8.124","65726","",""
"Germany","2008","8.011","64938","",""
"Germany","2007","7.919","64366","",""
"Germany","2006","7.838","63859","",""
"Germany","2005","7.796","63620","",""
"Germany","2004","7.768","63424","",""
"Germany","2003","7.716","62972","",""
"Germany","2002","7.635","62256","",""
"Germany","2001","7.611","61997","",""
"Germany","2000","7.551","61462","",""
"Germany","1999","7.468","60778","",""
"Germany","1998","7.421","60411","",""
"Germany","1997","7.379","60065","",""
"Germany","1996","7.301","59373","",""
"Germany","1995","7.206","58468","",""
"Germany","1994","7.038","56887","",""
"Germany","1993","6.896","55462","",""
"Germany","1992","6.647","53148","",""
"Ghana","2017","","","","167"
"Ghana","2008","0.019","45","88","15"
"Ghana","2007","0.013","31","","13"
"Ghana","2004","0.049","104","154","135"
"Greece","2017","12.547","13261","",""
"Greece","2016","12.459","13225","",""
"Greece","2015","12.478","13301","",""
"Greece","2014","12.845","13746","",""
"Greece","2013","12.952","13911","",""
"Greece","2012","13.179","14208","",""
"Greece","2011","13.406","14518","1210",""
"Greece","2010","13.466","14661","",""
"Grenada","2017","1.533","17","",""
"Grenada","2006","1.811","19","",""
"Grenada","2003","0.865","9","","4"
"Grenada","2002","0.869","9","","4"
"Grenada","2001","0.872","9","","4"
"Grenada","2000","0.875","9","","5"
"Grenada","1999","0.879","9","","5"
"Grenada","1997","0.689","7","",""
"Guatemala","2018","0.104","180","",""
"Guatemala","2007","1.734","2376","",""
"Guatemala","1999","1.797","2046","",""
"Guinea","2016","0.043","50","",""
"Guinea","2005","0.019","17","","16"
"Guinea","2004","0.025","22","","38"
"Guinea","2000","0.022","18","","20"
"Guinea-Bissau","2018","0.037","7","8","4"
"Guinea-Bissau","2009","0.047","7","","6"
"Guinea-Bissau","2008","0.014","2","1","3"
"Guinea-Bissau","2004","0.023","3","13","6"
"Guyana","2018","0.359","28","55",""
"Guyana","2009","0.388","29","6","29"
"Guyana","2000","0.402","30","",""
"Haiti","2018","0.213","237","16","2"
"Haiti","2015","0.058","62","",""
"Haiti","2011","0.050","50","",""
"Haiti","1998","0.115","94","",""
"Honduras","2017","0.327","308","",""
"Honduras","2016","2.628","2436","",""
"Honduras","2008","0.296","236","",""
"Honduras","2000","1.735","1141","","230"
"Hungary","2018","7.077","6870","",""
"Hungary","2017","6.772","6589","",""
"Hungary","2016","6.237","6083","",""
"Hungary","2015","6.071","5936","",""
"Hungary","2014","6.326","6203","",""
"Hungary","2013","6.064","5963","",""
"Hungary","2012","5.686","5609","",""
"Hungary","2011","5.291","5236","",""
"Hungary","2010","5.295","5257","",""
"Hungary","2009","4.940","4920","",""
"Hungary","2008","5.068","5064","",""
"Hungary","2007","4.003","4013","",""
"Hungary","2006","4.969","4997","",""
"Hungary","2005","4.470","4508","",""
"Hungary","2004","5.092","5150","",""
"Hungary","2003","5.277","5352","",""
"Hungary","2002","4.763","4843","",""
"Hungary","2001","3.571","3640","",""
"Hungary","2000","3.234","3305","",""
"Hungary","1999","4.499","4611","",""
"Hungary","1998","4.382","4505","",""
"Hungary","1997","3.713","3828","",""
"Hungary","1996","3.560","3678","",""
"Hungary","1995","3.488","3610","",""
"Hungary","1994","3.507","3632","",""
"Hungary","1993","3.362","3483","",""
"Hungary","1992","3.251","3368","",""
"Hungary","1991","2.345","2430","",""
"Hungary","1990","2.275","2361","",""
"Hungary","1989","","2302","",""
"Iceland","2018","8.583","289","",""
"Iceland","2017","8.343","279","",""
"Iceland","2016","8.368","278","",""
"Iceland","2015","8.419","278","",""
"Iceland","2014","8.338","274","",""
"Iceland","2013","8.313","272","",""
"Iceland","2012","8.292","270","",""
"Iceland","2011","8.748","283","",""
"Iceland","2010","9.335","299","",""
"Iceland","2009","9.301","294","14",""
"Iceland","2008","9.682","301","18",""
"Iceland","2007","9.633","294","19",""
"Iceland","2006","9.543","286","19",""
"Iceland","2005","9.797","289","25",""
"Iceland","2004","9.859","287","",""
"Iceland","2003","10.000","288","",""
"Iceland","2002","10.095","288","",""
"Iceland","2001","10.074","285","",""
"Iceland","2000","10.093","283","",""
"Iceland","1999","10.004","278","",""
"Iceland","1998","9.844","271","",""
"Iceland","1997","10.414","284","",""
"Iceland","1996","10.255","277","",""
"Iceland","1995","10.090","270","",""
"Iceland","1994","10.298","273","",""
"Iceland","1993","10.049","264","",""
"Iceland","1992","9.877","257","",""
"Iceland","1991","9.356","241","",""
"Iceland","1990","9.020","230","",""
"Iceland","1989","","219","",""
"India","2019","1.989","271744","3515","3090"
"India","2018","2.014","272376","",""
"India","2017","1.877","251207","3097","2388"
"India","2016","1.493","197734","",""
"India","2014","1.192","154436","",""
"India","2012","0.955","120897","",""
"India","2011","0.942","117825","",""
"India","2009","0.859","104603","",""
"India","2008","0.777","93332","",""
"India","2007","0.617","73057","",""
"India","2006","0.670","78096","",""
"India","2005","0.482","55344","",""
"India","2004","0.487","55058","12518",""
"India","2003","0.426","47318","",""
"India","2002","0.431","47165","",""
"India","2001","0.439","47204","",""
"India","2000","0.370","39105","",""
"India","1991","0.146","13016","6366",""
"Indonesia","2018","0.574","15364","8266","2199"
"Indonesia","2017","0.546","14455","",""
"Indonesia","2015","0.493","12740","",""
"Indonesia","2012","0.425","10566","13581",""
"Indonesia","2010","0.361","8731","","9723"
"Indonesia","2009","0.228","5442","","7231"
"Indonesia","2003","0.239","5267","1629","197"
"Indonesia","1992","","","","3778"
"Iran (Islamic Republic of)","2018","4.474","36600","",""
"Iran (Islamic Republic of)","2017","3.268","26361","",""
"Iran (Islamic Republic of)","2015","3.336","26188","",""
"Iran (Islamic Republic of)","2014","3.586","27783","",""
"Iran (Islamic Republic of)","2006","1.350","9522","4743",""
"Iran (Islamic Republic of)","2005","1.894","13210","",""
"Iran (Islamic Republic of)","2004","1.544","10648","","2487"
"Iraq","2019","2.639","10374","","1258"
"Iraq","2017","2.536","9524","540","554"
"Iraq","2016","2.439","8928","",""
"Iraq","2014","2.293","7891","",""
"Iraq","2010","1.614","4799","",""
"Ireland","2018","6.676","3217","",""
"Ireland","2017","6.549","3113","",""
"Ireland","2016","6.280","2949","",""
"Ireland","2015","6.079","2828","",""
"Ireland","2014","5.961","2758","",""
"Ireland","2013","5.739","2649","",""
"Ireland","2012","5.774","2661","",""
"Ireland","2011","5.809","2667","",""
"Ireland","2010","5.975","2721","",""
"Ireland","2009","6.012","2702","",""
"Ireland","2008","6.146","2714","",""
"Ireland","2007","5.866","2537","",""
"Ireland","2006","5.706","2414","",""
"Ireland","2005","5.619","2327","",""
"Ireland","2004","5.512","2237","",""
"Ireland","2003","5.455","2171","",""
"Ireland","2002","5.379","2102","",""
"Ireland","2001","5.221","2006","",""
"Ireland","2000","5.020","1899","",""
"Israel","2017","7.278","6000","",""
"Israel","2016","8.056","6533","",""
"Israel","2015","8.314","6633","",""
"Israel","2014","8.021","6300","",""
"Israel","2013","6.981","5400","",""
"Israel","2012","7.048","5367","",""
"Israel","2011","7.836","5867","",""
"Israel","2010","8.667","6367","",""
"Israel","2009","8.484","6100","",""
"Israel","2008","8.357","5867","",""
"Israel","2007","8.325","5700","",""
"Israel","2006","8.333","5567","",""
"Israel","2005","8.627","5633","",""
"Israel","2004","9.275","5933","",""
"Israel","2003","9.823","6167","",""
"Israel","2002","9.186","5667","",""
"Israel","2001","8.469","5133","",""
"Israel","2000","8.409","5000","",""
"Israel","1999","9.729","5667","",""
"Israel","1998","10.177","5800","",""
"Israel","1997","9.580","5333","",""
"Israel","1996","8.973","4867","",""
"Israel","1995","13.765","7256","483","2750"
"Italy","2018","8.236","49933","",""
"Italy","2017","8.167","49552","",""
"Italy","2016","8.005","48559","",""
"Italy","2015","7.858","47604","",""
"Italy","2014","7.881","47610","",""
"Italy","2013","7.818","47038","",""
"Jamaica","2017","0.890","260","",""
"Jamaica","2016","0.155","45","140","1"
"Jamaica","2015","0.128","37","121","2"
"Jamaica","2014","0.125","36","124","2"
"Jamaica","2013","0.122","35","124","2"
"Jamaica","2012","0.123","35","113","2"
"Jamaica","2008","0.165","46","195","3"
"Jamaica","2003","0.782","212","",""
"Japan","2016","7.951","101584","123831","34640"
"Japan","2014","7.880","100994","",""
"Japan","2012","7.762","99686","",""
"Japan","2010","7.681","98739","",""
"Japan","2008","7.522","96690","",""
"Japan","2006","7.367","94608","",""
"Japan","2004","7.425","95197","",""
"Japan","2002","7.262","92874","",""
"Japan","2000","7.125","90857","",""
"Japan","1998","6.928","88061","",""
"Japan","1996","6.753","85518","",""
"Japan","1994","6.430","81055","",""
"Japan","1992","6.177","77416","",""
"Japan","1990","5.946","74028","",""
"Jordan","2018","7.132","7107","",""
"Jordan","2017","7.263","7107","",""
"Jordan","2016","7.026","6713","",""
"Jordan","2015","7.345","6806","",""
"Jordan","2014","7.715","6881","",""
"Jordan","2013","7.987","6804","",""
"Jordan","2010","7.837","5691","",""
"Jordan","2009","6.358","4383","",""
"Jordan","2008","7.769","5094","",""
"Jordan","2007","7.819","4891","",""
"Jordan","2006","7.673","4597","",""
"Jordan","2005","7.274","4194","",""
"Jordan","2004","7.120","3973","700","2597"
"Jordan","2003","6.389","3472","",""
"Jordan","2002","4.480","2382","",""
"Jordan","2001","5.499","2869","",""
"Jordan","2000","5.632","2885","",""
"Jordan","1999","5.386","2710","",""
"Jordan","1998","5.059","2501","",""
"Kazakhstan","2015","2.896","5089","",""
"Kazakhstan","2014","3.716","6430","",""
"Kazakhstan","2013","3.762","6406","",""
"Kazakhstan","2012","4.131","6920","",""
"Kazakhstan","2011","3.961","6532","",""
"Kazakhstan","2010","4.096","6657","",""
"Kazakhstan","2009","3.547","5691","",""
"Kazakhstan","2008","3.553","5636","",""
"Kazakhstan","2007","3.641","5717","",""
"Kazakhstan","2006","3.609","5612","",""
"Kazakhstan","2005","3.392","5224","",""
"Kazakhstan","2004","3.555","5421","",""
"Kazakhstan","2003","3.454","5215","",""
"Kazakhstan","2002","3.343","5006","",""
"Kazakhstan","2001","2.909","4337","",""
"Kazakhstan","2000","2.649","3953","",""
"Kazakhstan","1999","3.947","5928","",""
"Kazakhstan","1998","2.496","3791","",""
"Kazakhstan","1997","2.736","4215","",""
"Kazakhstan","1996","3.860","6034","",""
"Kazakhstan","1995","4.240","6716","",""
"Kazakhstan","1994","4.235","6786","",""
"Kazakhstan","1993","4.527","7326","",""
"Kazakhstan","1992","4.373","7130","",""
"Kazakhstan","1991","4.220","6910","",""
"Kazakhstan","1990","4.226","6924","",""
"Kazakhstan","1989","","6705","",""
"Kenya","2019","0.247","1300","464","468"
"Kenya","2018","0.164","841","",""
"Kenya","2014","0.233","1090","",""
"Kenya","2013","0.230","1045","",""
"Kenya","2012","0.222","985","",""
"Kenya","2011","0.215","930","",""
"Kenya","2010","0.214","898","",""
"Kenya","2009","0.245","1004","",""
"Kenya","2008","0.245","974","",""
"Kenya","2002","0.221","746","","594"
"Kiribati","2016","0.711","8","",""
"Kiribati","2013","0.649","7","","20"
"Kiribati","2011","0.287","3","",""
"Kiribati","2010","0.389","4","",""
"Kiribati","2008","1.822","18","",""
"Kiribati","2004","0.331","3","",""
"Kiribati","1998","0.490","4","",""
"Kuwait","2015","6.745","2587","",""
"Kuwait","2014","6.148","2269","",""
"Kuwait","2013","6.233","2198","",""
"Kuwait","2012","6.121","2050","",""
"Kuwait","2011","5.795","1836","",""
"Kuwait","2010","5.461","1634","",""
"Kuwait","2009","3.736","1054","",""
"Kuwait","2008","3.618","961","",""
"Kuwait","2007","3.395","850","",""
"Kuwait","2006","3.126","742","",""
"Kuwait","2001","3.200","673","",""
"Kyrgyzstan","2018","1.85","1166","1189","290"
"Kyrgyzstan","2014","1.651","965","",""
"Kyrgyzstan","2013","1.712","981","",""
"Kyrgyzstan","2012","1.731","973","",""
"Kyrgyzstan","2011","1.731","955","",""
"Kyrgyzstan","2010","1.885","1022","",""
"Kyrgyzstan","2009","1.944","1037","",""
"Kyrgyzstan","2008","1.905","1001","",""
"Kyrgyzstan","2007","1.969","1021","",""
"Kyrgyzstan","2006","1.985","1017","",""
"Kyrgyzstan","2005","2.057","1044","",""
"Kyrgyzstan","2004","2.104","1060","",""
"Kyrgyzstan","2003","1.979","992","",""
"Kyrgyzstan","2002","2.110","1053","",""
"Kyrgyzstan","2001","2.170","1077","",""
"Kyrgyzstan","2000","2.276","1120","",""
"Kyrgyzstan","1999","2.586","1257","",""
"Kyrgyzstan","1998","2.672","1279","",""
"Kyrgyzstan","1997","2.684","1263","",""
"Kyrgyzstan","1996","2.437","1128","",""
"Kyrgyzstan","1995","2.370","1082","",""
"Kyrgyzstan","1994","2.656","1200","",""
"Kyrgyzstan","1993","2.728","1223","",""
"Kyrgyzstan","1992","2.921","1301","",""
"Kyrgyzstan","1991","2.908","1285","",""
"Kyrgyzstan","1990","2.849","1246","",""
"Kyrgyzstan","1989","","1228","",""
"Lao People's Democratic Republic","2018","0.622","439","91",""
"Lao People's Democratic Republic","2017","0.710","494","",""
"Lao People's Democratic Republic","2014","0.514","341","",""
"Lao People's Democratic Republic","2012","0.498","321","",""
"Lao People's Democratic Republic","2009","0.371","228","96",""
"Latvia","2019","7.138","1361","976","189"
"Latvia","2017","7.073","1380","",""
"Latvia","2016","7.147","1411","",""
"Latvia","2015","7.103","1419","",""
"Latvia","2014","6.927","1400","",""
"Latvia","2013","7.134","1459","",""
"Latvia","2012","6.984","1445","",""
"Latvia","2011","6.955","1456","",""
"Latvia","2010","7.023","1488","",""
"Latvia","2009","7.040","1510","",""
"Latvia","2008","6.978","1515","",""
"Latvia","2007","6.656","1463","",""
"Latvia","2006","6.476","1441","",""
"Latvia","2005","6.310","1421","",""
"Latvia","2004","5.999","1367","",""
"Latvia","2003","5.521","1273","",""
"Latvia","2002","5.406","1261","",""
"Latvia","2001","5.257","1240","",""
"Latvia","2000","5.188","1237","",""
"Latvia","1999","4.659","1122","",""
"Latvia","1998","4.102","997","",""
"Latvia","1997","4.378","1074","",""
"Latvia","1996","4.635","1149","",""
"Latvia","1995","3.536","887","",""
"Latvia","1994","3.530","898","",""
"Latvia","1993","3.376","872","",""
"Latvia","1992","3.687","966","",""
"Latvia","1991","5.092","1349","",""
"Latvia","1990","5.164","1376","",""
"Lebanon","2018","10.206","7001","",""
"Lebanon","2017","9.865","6727","",""
"Lebanon","2016","9.822","6595","",""
"Lebanon","2015","8.461","5527","",""
"Lebanon","2014","8.735","5469","",""
"Lebanon","2013","8.913","5270","",""
"Lebanon","2011","12.036","6261","",""
"Lebanon","2010","10.892","5395","",""
"Lebanon","2009","10.314","4964","",""
"Lebanon","2007","8.810","4200","",""
"Lebanon","2006","8.526","4058","",""
"Lebanon","2001","10.732","4283","",""
"Lesotho","2003","0.015","3","9","4"
"Liberia","2019","0.014","7","17",""
"Liberia","2010","0.059","23","",""
"Liberia","2009","0.061","23","",""
"Liberia","2008","0.011","4","",""
"Liberia","2004","0.010","3","7","3"
"Libya","2017","8.777","5776","",""
"Libya","2015","7.770","4987","",""
"Libya","2014","7.204","4583","",""
"Libya","2009","6.182","3792","",""
"Libya","2008","3.377","2046","",""
"Libya","2004","1.489","850","",""
"Libya","1997","1.354","693","",""
"Lithuania","2017","9.978","2839","",""
"Lithuania","2016","9.645","2787","",""
"Lithuania","2015","9.018","2644","",""
"Lithuania","2014","8.982","2669","",""
"Lithuania","2013","8.900","2678","",""
"Lithuania","2012","8.816","2685","",""
"Lithuania","2011","8.063","2486","",""
"Lithuania","2010","7.862","2456","",""
"Lithuania","2009","7.410","2347","",""
"Lithuania","2008","6.866","2206","",""
"Lithuania","2007","7.122","2321","",""
"Lithuania","2006","6.533","2158","",""
"Lithuania","2005","7.081","2368","",""
"Lithuania","2004","6.477","2190","",""
"Lithuania","2003","6.719","2294","",""
"Lithuania","2002","6.494","2237","",""
"Lithuania","2001","6.952","2415","",""
"Lithuania","2000","6.842","2396","",""
"Lithuania","1999","6.483","2288","",""
"Lithuania","1998","6.261","2226","",""
"Lithuania","1997","5.883","2106","",""
"Lithuania","1996","4.637","1671","",""
"Lithuania","1995","4.704","1706","",""
"Lithuania","1994","4.977","1816","",""
"Lithuania","1993","5.280","1938","",""
"Lithuania","1992","5.542","2044","",""
"Luxembourg","2017","9.816","581","",""
"Luxembourg","2016","9.494","550","",""
"Luxembourg","2015","8.929","506","",""
"Luxembourg","2014","8.584","476","",""
"Luxembourg","2013","8.478","460","",""
"Luxembourg","2012","8.307","441","",""
"Luxembourg","2011","8.396","436","",""
"Luxembourg","2010","8.309","422","",""
"Luxembourg","2009","8.218","408","",""
"Luxembourg","2008","8.199","398","",""
"Luxembourg","2007","8.128","386","",""
"Luxembourg","2006","8.054","375","",""
"Luxembourg","2005","8.082","370","",""
"Luxembourg","2004","7.835","354","",""
"Luxembourg","2003","6.550","293","",""
"Luxembourg","2002","6.491","288","",""
"Luxembourg","2001","6.247","275","",""
"Luxembourg","2000","5.962","260","",""
"Luxembourg","1999","6.237","269","",""
"Luxembourg","1998","6.153","262","",""
"Luxembourg","1997","5.833","245","",""
"Luxembourg","1996","5.580","231","",""
"Luxembourg","1995","5.464","223","",""
"Luxembourg","1994","5.219","210","",""
"Luxembourg","1993","5.116","203","",""
"Luxembourg","1992","5.238","205","",""
"Luxembourg","1991","5.124","198","",""
"Luxembourg","1990","5.186","198","",""
"Luxembourg","1989","","192","",""
"Madagascar","2013","0.048","111","",""
"Madagascar","2012","0.081","181","",""
"Madagascar","2011","0.083","180","",""
"Madagascar","2010","0.092","195","",""
"Madagascar","2009","0.087","178","",""
"Madagascar","2008","0.105","209","",""
"Madagascar","2007","0.100","194","",""
"Madagascar","2006","0.104","196","",""
"Madagascar","2005","0.107","197","",""
"Madagascar","2004","0.090","161","",""
"Madagascar","2003","0.092","159","",""
"Madagascar","2002","0.071","119","",""
"Malawi","2018","0.017","31","",""
"Malawi","2009","","","180",""
"Malawi","2008","0.127","174","211",""
"Malaysia","2018","3.082","9717","2928","6145"
"Malaysia","2015","3.500","10596","2816","1882"
"Malaysia","2012","1.568","4558","",""
"Malaysia","2011","1.484","4253","",""
"Malaysia","2010","1.351","3810","5436","749"
"Malaysia","2008","1.336","3640","",""
"Malaysia","2002","0.892","2160","",""
"Malaysia","2000","0.924","2144","",""
"Maldives","2018","1.997","103","",""
"Maldives","2017","1.672","83","44","1"
"Maldives","2015","1.363","62","",""
"Maldives","2014","","","","40"
"Maldives","2010","0.875","32","",""
"Maldives","2009","1.273","45","",""
"Maldives","2004","0.321","10","","4"
"Mali","2018","","","53",""
"Mali","2016","0.060","107","",""
"Mali","2010","0.023","35","2","66"
"Mali","2009","0.027","39","1","79"
"Mali","2004","0.036","44","","40"
"Malta","2019","4.837","213","155","186"
"Malta","2015","4.751","206","",""
"Malta","2014","4.672","201","",""
"Malta","2013","4.623","197","",""
"Malta","2012","4.505","190","",""
"Malta","2011","4.453","186","",""
"Malta","2010","4.441","184","",""
"Malta","2009","4.349","179","",""
"Marshall Islands","2019","1.19","7","13","5"
"Marshall Islands","2012","0.705","4","","22"
"Marshall Islands","2010","0.709","4","",""
"Marshall Islands","2007","1.071","6","","7"
"Mauritania","2018","0.211","93","7","12"
"Mauritania","2009","0.206","70","8","15"
"Mauritania","2004","0.160","47","","17"
"Mauritius","2019","2.764","351","","365"
"Mauritius","2017","3.171","401","",""
"Mauritius","2016","3.051","385","",""
"Mauritius","2015","3.017","380","",""
"Mauritius","2014","2.911","366","",""
"Mauritius","2013","2.796","351","",""
"Mauritius","2012","2.401","301","",""
"Mauritius","2011","2.142","268","230","36"
"Mauritius","2010","2.083","260","",""
"Mauritius","2009","2.010","250","",""
"Mauritius","2008","1.896","235","",""
"Mauritius","2007","1.848","228","",""
"Mauritius","2004","1.374","167","66",""
"Mexico","2017","1.368","17073","",""
"Mexico","2016","1.362","16798","",""
"Mexico","2015","1.304","15894","",""
"Mexico","2014","1.279","15397","",""
"Mexico","2013","1.220","14492","",""
"Mexico","2012","1.166","13677","",""
"Mexico","2011","1.163","13451","",""
"Mexico","2010","1.159","13225","12543",""
"Mexico","2009","1.076","12101","",""
"Mexico","2008","1.048","11615","",""
"Mexico","2007","1.003","10954","",""
"Mexico","2006","0.970","10437","",""
"Mexico","2005","0.939","9957","",""
"Mexico","2000","6.035","59683","","18598"
"Micronesia (Federated States of)","2008","1.353","14","","26"
"Micronesia (Federated States of)","2005","1.225","13","",""
"Micronesia (Federated States of)","2003","0.935","10","",""
"Micronesia (Federated States of)","2000","1.304","14","",""
"Monaco","2014","10.188","38","",""
"Monaco","2013","10.298","38","",""
"Monaco","2012","10.137","37","",""
"Monaco","2011","10.556","38","",""
"Monaco","1995","11.075","34","",""
"Monaco","1992","12.040","36","",""
"Monaco","1989","","31","",""
"Mongolia","2016","2.339","715","",""
"Mongolia","2012","2.818","796","",""
"Mongolia","2011","2.353","652","",""
"Mongolia","2010","1.960","533","",""
"Mongolia","2009","1.975","528","",""
"Mongolia","2008","1.949","513","",""
"Mongolia","2002","1.289","315","22",""
"Montenegro","2018","0.462","29","12","28"
"Montenegro","2015","0.399","25","",""
"Montenegro","2014","0.399","25","",""
"Montenegro","2013","0.399","25","",""
"Montenegro","2012","0.399","25","",""
"Montenegro","2011","0.384","24","",""
"Montenegro","2010","0.416","26","",""
"Morocco","2017","1.364","4855","",""
"Morocco","2015","1.406","4872","",""
"Morocco","2014","1.361","4655","",""
"Morocco","2009","0.836","2668","",""
"Morocco","2004","1.026","3091","",""
"Mozambique","2018","0.086","255","39","276"
"Mozambique","2017","0.072","205","319",""
"Mozambique","2015","0.070","189","45","212"
"Mozambique","2013","0.053","136","238","44"
"Mozambique","2012","0.028","69","305","33"
"Mozambique","2011","0.031","75","252","42"
"Mozambique","2010","0.025","60","222","166"
"Mozambique","2009","0.023","53","211","25"
"Mozambique","2004","0.008","16","","143"
"Myanmar","2018","0.652","3500","","130"
"Myanmar","2017","0.806","4301","",""
"Myanmar","2016","0.662","3510","",""
"Myanmar","2015","0.621","3270","",""
"Myanmar","2012","0.586","3011","344",""
"Myanmar","2011","0.543","2770","316",""
"Myanmar","2010","0.506","2562","287",""
"Myanmar","2009","0.459","2308","262",""
"Myanmar","2008","0.462","2305","244",""
"Myanmar","2007","0.376","1867","177",""
"Myanmar","2006","0.351","1732","165",""
"Myanmar","2005","0.326","1594","162",""
"Myanmar","2004","0.274","1329","","67"
"Namibia","2018","0.727","178","58","37"
"Namibia","2014","0.299","68","",""
"Namibia","2007","0.449","90","",""
"Namibia","2004","0.430","82","25","6"
"Nauru","2019","3.704","4","3","1"
"Nauru","2015","1.923","2","5",""
"Nauru","2011","0.990","1","","5"
"Nauru","2009","1.010","1","","2"
"Nauru","2008","1.010","1","",""
"Nauru","2004","1.010","1","",""
"Nepal","2018","0.967","2718","2025",""
"Nepal","2017","2.200","6079","",""
"Nepal","2004","0.096","245","114",""
"Netherlands","2017","5.073","8635","",""
"Netherlands","2016","5.126","8705","",""
"Netherlands","2015","5.154","8730","",""
"Netherlands","2014","4.979","8410","",""
"Netherlands","2013","4.937","8315","",""
"Netherlands","2012","4.937","8290","",""
"Netherlands","2011","4.914","8225","",""
"Netherlands","2010","4.699","7840","",""
"Netherlands","2009","4.601","7650","",""
"Netherlands","2008","4.463","7395","",""
"Netherlands","2007","4.444","7335","",""
"Netherlands","2006","4.285","7045","",""
"Netherlands","2005","4.097","6705","",""
"New Zealand","2017","6.244","2936","",""
"New Zealand","2016","6.179","2879","",""
"New Zealand","2015","6.120","2824","",""
"New Zealand","2014","6.102","2787","",""
"New Zealand","2013","6.066","2741","",""
"New Zealand","2012","5.959","2663","",""
"New Zealand","2011","5.927","2619","",""
"New Zealand","2010","5.849","2556","",""
"New Zealand","2009","4.471","1933","",""
"New Zealand","2008","4.476","1915","",""
"New Zealand","2007","4.434","1877","",""
"New Zealand","2006","4.083","1709","",""
"New Zealand","2005","3.961","1638","",""
"New Zealand","2002","4.088","1620","",""
"New Zealand","2001","3.662","1431","774","381"
"Nicaragua","2018","0.393","254","",""
"Nicaragua","2014","0.423","260","1263",""
"Nicaragua","2013","0.434","263","",""
"Nicaragua","2012","0.441","264","",""
"Nicaragua","2011","0.446","263","",""
"Nicaragua","2010","0.443","258","",""
"Nicaragua","2009","0.461","265","",""
"Nicaragua","2008","0.469","266","",""
"Nicaragua","2007","0.436","244","",""
"Nicaragua","2006","0.443","244","",""
"Nicaragua","2005","0.452","246","",""
"Nicaragua","2003","0.459","243","",""
"Niger","2016","0.009","18","",""
"Niger","2015","0.015","30","",""
"Niger","2014","0.011","21","",""
"Niger","2013","0.016","30","",""
"Niger","2009","0.011","17","","4"
"Niger","2008","0.010","16","",""
"Niger","2004","0.011","15","",""
"Nigeria","2018","0.222","4358","6151","6"
"Nigeria","2016","0.219","4081","",""
"Nigeria","2010","0.527","8359","3361",""
"Nigeria","2009","0.160","2464","",""
"Nigeria","2008","0.171","2571","705","505"
"Nigeria","2007","0.176","2571","1012","505"
"Nigeria","2006","0.157","2241","",""
"Nigeria","2005","0.152","2113","",""
"Nigeria","2003","0.188","2482","",""
"Niue","2008","12.500","2","","2"
"Niue","2006","17.647","3","",""
"Niue","2004","11.765","2","",""
"Niue","2003","11.765","2","",""
"Niue","1996","9.524","2","",""
"Norway","2018","8.717","4653","",""
"Norway","2017","8.666","4590","",""
"Norway","2016","8.621","4527","",""
"Norway","2015","8.527","4434","",""
"Norway","2014","8.654","4450","",""
"Norway","2013","8.729","4434","",""
"Norway","2012","8.656","4340","",""
"Norway","2011","8.852","4380","",""
"Norway","2010","8.787","4293","",""
"Norway","2009","8.685","4192","",""
"Norway","2008","8.778","4188","",""
"Norway","2007","8.692","4102","",""
"Norway","2006","8.782","4104","",""
"Norway","2005","8.406","3894","",""
"Norway","2004","8.023","3689","",""
"Norway","2003","8.109","3706","",""
"Norway","2002","8.066","3667","",""
"Norway","2001","8.021","3628","",""
"Norway","2000","8.019","3608","",""
"Norway","1999","8.125","3635","",""
"Norway","1998","8.189","3642","",""
"Norway","1997","8.352","3692","",""
"Norway","1996","8.256","3627","",""
"Norway","1995","8.166","3566","",""
"Norway","1994","8.154","3540","",""
"Norway","1993","8.143","3515","",""
"Norway","1992","8.198","3519","",""
"Norway","1991","8.148","3479","",""
"Norway","1990","8.203","3484","",""
"Norway","1989","","3494","",""
"Oman","2018","2.975","1437","313",""
"Oman","2017","2.893","1350","313",""
"Oman","2016","2.755","1234","311",""
"Oman","2015","2.693","1149","312",""
"Oman","2014","2.558","1030","302",""
"Oman","2013","2.329","877","",""
"Oman","2012","2.301","805","",""
"Oman","2011","2.233","726","",""
"Oman","2010","2.150","654","",""
"Oman","2009","2.166","623","",""
"Oman","2008","2.025","557","",""
"Oman","2007","1.972","524","",""
"Oman","2006","1.922","496","",""
"Oman","2005","1.784","448","",""
"Oman","2004","1.701","416","",""
"Oman","2000","1.155","262","",""
"Oman","1999","0.470","106","",""
"Oman","1998","0.413","93","",""
"Oman","1997","0.373","84","",""
"Oman","1995","0.649","143","",""
"Oman","1990","0.464","84","",""
"Pakistan","2018","0.964","20463","",""
"Pakistan","2017","0.984","20463","",""
"Pakistan","2016","0.900","18333","",""
"Pakistan","2015","0.835","16652","3994",""
"Pakistan","2014","0.773","15106","",""
"Pakistan","2013","0.717","13716","",""
"Pakistan","2012","0.678","12692","",""
"Pakistan","2011","0.635","11649","",""
"Pakistan","2010","0.586","10508","",""
"Pakistan","2009","0.560","9822","",""
"Pakistan","2008","0.525","9013","",""
"Pakistan","2004","0.412","6452","550","860"
"Pakistan","2001","0.317","4622","",""
"Pakistan","2000","0.293","4175","",""
"Pakistan","1999","0.266","3687","",""
"Pakistan","1998","0.255","3444","",""
"Pakistan","1997","0.241","3159","",""
"Pakistan","1996","0.231","2938","",""
"Pakistan","1995","0.222","2751","",""
"Pakistan","1994","0.215","2589","",""
"Pakistan","1993","0.205","2401","",""
"Pakistan","1992","0.200","2278","",""
"Palau","2019","2.222","4","12","3"
"Palau","2007","2.604","5","",""
"Palau","1998","13.043","24","",""
"Panama","2017","3.034","1246","",""
"Panama","2016","2.797","1129","",""
"Panama","2013","2.704","1037","",""
"Panama","2012","3.267","1232","",""
"Panama","2011","3.006","1114","",""
"Panama","2010","2.995","1091","",""
"Panama","2009","2.883","1032","",""
"Panama","2008","2.816","990","",""
"Panama","2007","2.733","944","",""
"Panama","2006","2.810","953","",""
"Panama","2005","2.817","938","",""
"Panama","2004","2.823","923","",""
"Panama","2003","2.705","868","",""
"Panama","2002","2.848","897","",""
"Panama","2001","2.476","765","",""
"Panama","1999","2.679","796","",""
"Panama","1998","2.706","788","",""
"Panama","1997","2.607","744","",""
"Panama","1996","2.625","734","",""
"Panama","1995","2.471","677","",""
"Panama","1994","2.332","626","",""
"Panama","1993","2.183","574","",""
"Panama","1992","2.217","571","",""
"Panama","1991","2.105","531","",""
"Panama","1990","2.048","506","",""
"Papua New Guinea","2019","0.071","62","151","15"
"Papua New Guinea","2018","0.165","142","",""
"Papua New Guinea","2009","0.169","121","",""
"Papua New Guinea","2000","0.154","90","",""
"Paraguay","2018","1.623","1129","41","55"
"Paraguay","2012","1.641","1054","",""
"Paraguay","2002","4.385","2426","756",""
"Peru","2016","1.849","5719","",""
"Peru","2012","1.515","4471","",""
"Peru","2009","1.240","3570","",""
"Peru","2007","5.407","15320","6650",""
"Peru","1999","1.077","2809","",""
"Philippines","2019","0.021","222","",""
"Philippines","2017","2.429","25551","",""
"Philippines","2016","0.019","202","",""
"Philippines","2015","0.021","218","",""
"Philippines","2008","0.208","1891","",""
"Philippines","2004","5.419","45903","",""
"Philippines","2002","5.312","43220","",""
"Philippines","2000","1.098","8564","",""
"Poland","2017","3.512","13331","",""
"Poland","2016","3.503","13308","",""
"Poland","2015","3.314","12603","",""
"Poland","2014","3.436","13088","",""
"Poland","2013","3.229","12322","",""
"Poland","2012","3.268","12491","",""
"Poland","2011","3.404","13033","",""
"Poland","2010","3.274","12549","",""
"Poland","2009","3.173","12169","",""
"Poland","2008","3.399","13038","",""
"Poland","2007","3.481","13352","",""
"Poland","2006","3.276","12564","",""
"Poland","2005","3.192","12248","",""
"Poland","2004","3.682","14139","",""
"Poland","2003","2.886","11094","",""
"Poland","2002","2.800","10775","",""
"Poland","2001","2.628","10124","",""
"Poland","2000","3.050","11758","",""
"Poland","1999","3.438","13260","",""
"Poland","1998","4.492","17323","",""
"Poland","1997","4.572","17624","",""
"Poland","1996","4.640","17869","",""
"Poland","1995","4.630","17805","",""
"Poland","1994","4.556","17490","",""
"Poland","1993","4.426","16951","",""
"Poland","1992","4.350","16615","",""
"Poland","1991","4.607","17544","",""
"Poland","1990","4.796","18205","",""
"Poland","1989","","17952","",""
"Portugal","2017","10.120","10412","",""
"Portugal","2016","9.564","9875","",""
"Portugal","2015","9.132","9468","",""
"Portugal","2014","8.759","9125","",""
"Portugal","2013","8.467","8867","",""
"Portugal","2012","8.042","8465","",""
"Portugal","2011","7.671","8108","",""
"Portugal","2010","7.649","8105","",""
"Portugal","2009","6.229","6605","",""
"Portugal","2008","5.694","6033","",""
"Portugal","2007","5.324","5629","",""
"Portugal","2006","5.373","5665","",""
"Portugal","2005","4.811","5056","",""
"Portugal","2004","4.495","4707","",""
"Portugal","2003","4.223","4404","",""
"Portugal","2002","3.980","4134","",""
"Qatar","2019","6.147","1741","799","105"
"Qatar","2018","6.259","1741","",""
"Qatar","2016","8.119","2155","",""
"Qatar","2014","6.758","1662","",""
"Qatar","2006","4.752","486","",""
"Qatar","2005","7.973","690","",""
"Republic of Korea","2017","4.951","25300","",""
"Republic of Korea","2016","4.737","24150","",""
"Republic of Korea","2015","4.632","23540","",""
"Republic of Korea","2014","4.535","22952","",""
"Republic of Korea","2013","4.466","22482","",""
"Republic of Korea","2012","4.372","21888","",""
"Republic of Korea","2011","4.300","21410","",""
"Republic of Korea","2010","4.226","20936","",""
"Republic of Korea","2009","4.137","20415","",""
"Republic of Korea","2008","4.016","19751","",""
"Republic of Korea","2007","3.894","19092","",""
"Republic of Korea","2006","3.788","18515","",""
"Republic of Korea","2005","3.649","17771","",""
"Republic of Korea","2004","","","25626","18946"
"Republic of Moldova","2017","4.215","1711","",""
"Republic of Moldova","2015","4.368","1778","",""
"Republic of Moldova","2014","4.299","1751","",""
"Republic of Moldova","2013","4.297","1751","",""
"Republic of Moldova","2012","4.097","1670","",""
"Republic of Moldova","2011","4.099","1672","",""
"Republic of Moldova","2010","4.016","1641","",""
"Republic of Moldova","2009","3.888","1593","",""
"Republic of Moldova","2008","3.859","1587","",""
"Republic of Moldova","2007","3.717","1535","",""
"Republic of Moldova","2006","3.560","1476","",""
"Republic of Moldova","2005","3.493","1453","",""
"Republic of Moldova","2004","3.364","1402","",""
"Republic of Moldova","2003","3.290","1373","",""
"Republic of Moldova","2002","3.262","1363","",""
"Republic of Moldova","2001","3.107","1301","",""
"Republic of Moldova","2000","3.165","1330","",""
"Republic of Moldova","1999","4.051","1712","",""
"Republic of Moldova","1998","4.306","1832","",""
"Republic of Moldova","1997","4.351","1865","",""
"Republic of Moldova","1996","4.263","1840","",""
"Republic of Moldova","1995","4.430","1923","",""
"Republic of Moldova","1994","4.419","1926","",""
"Republic of Moldova","1993","4.340","1897","",""
"Republic of Moldova","1992","4.382","1918","",""
"Republic of Moldova","1991","4.343","1900","",""
"Republic of Moldova","1990","4.467","1950","",""
"Republic of Moldova","1989","","1968","",""
"Republic of North Macedonia","2015","8.772","1824","",""
"Republic of North Macedonia","2013","8.213","1705","",""
"Republic of North Macedonia","2012","7.964","1652","",""
"Republic of North Macedonia","2011","7.826","1622","",""
"Republic of North Macedonia","2010","7.722","1599","",""
"Republic of North Macedonia","2009","6.887","1425","",""
"Romania","2017","7.964","15653","",""
"Romania","2016","8.065","15965","",""
"Romania","2013","7.077","14248","",""
"Romania","2012","6.812","13779","",""
"Romania","2011","6.552","13324","5440",""
"Romania","2010","6.330","12959","",""
"Romania","2009","6.032","12448","",""
"Romania","2008","5.691","11855","",""
"Romania","2007","5.520","11610","",""
"Romania","2006","4.986","10588","",""
"Romania","2005","4.773","10223","",""
"Romania","2004","4.394","9481","",""
"Romania","2003","4.153","9021","",""
"Romania","2002","3.821","8351","4931",""
"Romania","2001","3.733","8208","",""
"Romania","2000","3.598","7964","",""
"Romania","1999","3.188","7108","",""
"Russian Federation","2014","2.842","41113","",""
"Russian Federation","2013","2.892","41743","",""
"Russian Federation","2012","2.933","42240","",""
"Russian Federation","2011","2.921","41972","",""
"Russian Federation","2010","2.891","41481","",""
"Russian Federation","2009","2.865","41063","",""
"Russian Federation","2008","2.895","41476","",""
"Russian Federation","2007","2.888","41378","",""
"Russian Federation","2006","2.913","41778","",""
"Russian Federation","2005","2.901","41679","",""
"Russian Federation","2004","2.945","42431","",""
"Russian Federation","2003","2.949","42650","",""
"Russian Federation","2002","2.975","43195","",""
"Russian Federation","2001","2.961","43174","",""
"Russian Federation","2000","2.972","43518","",""
"Russian Federation","1999","2.733","40149","",""
"Russian Federation","1998","2.732","40256","",""
"Russian Federation","1997","2.696","39829","",""
"Russian Federation","1996","2.652","39257","",""
"Russian Federation","1995","2.582","38277","",""
"Russian Federation","1994","2.755","40876","",""
"Russian Federation","1993","2.711","40219","",""
"Russian Federation","1992","2.696","39971","",""
"Rwanda","2018","0.185","228","",""
"Rwanda","2017","0.197","236","",""
"Rwanda","2015","0.112","127","",""
"Rwanda","2009","0.074","72","17","60"
"Rwanda","2008","0.066","63","14","47"
"Saint Kitts and Nevis","2015","3.906","20","",""
"Saint Kitts and Nevis","2001","3.363","15","",""
"Saint Kitts and Nevis","1999","3.211","14","",""
"Saint Kitts and Nevis","1998","2.778","12","",""
"Saint Kitts and Nevis","1997","2.331","10","",""
"Saint Kitts and Nevis","1996","2.588","11","",""
"Saint Kitts and Nevis","1995","2.613","11","",""
"Saint Kitts and Nevis","1994","2.404","10","",""
"Saint Kitts and Nevis","1993","2.190","9","",""
"Saint Kitts and Nevis","1992","2.211","9","",""
"Saint Kitts and Nevis","1991","1.733","7","",""
"Saint Kitts and Nevis","1990","2.978","12","",""
"Saint Lucia","2017","1.713","31","",""
"Saint Lucia","2014","3.085","55","",""
"Saint Lucia","2013","3.042","54","",""
"Saint Lucia","2012","2.773","49","",""
"Saint Lucia","2011","2.393","42","",""
"Saint Lucia","2010","1.608","28","",""
"Saint Lucia","2009","0.290","5","",""
"Saint Lucia","2008","0.118","2","",""
"Saint Lucia","2007","0.179","3","",""
"Saint Lucia","2004","0.433","7","",""
"Saint Lucia","2003","0.436","7","",""
"Saint Lucia","2002","0.439","7","",""
"Saint Lucia","2001","1.707","27","",""
"Saint Lucia","1999","0.581","9","",""
"Saint Vincent and the Grenadines","2004","1.198","13","",""
"Saint Vincent and the Grenadines","2001","1.946","21","",""
"Saint Vincent and the Grenadines","2000","0.464","5","",""
"Saint Vincent and the Grenadines","1997","0.556","6","",""
"Samoa","2019","1.065","21","40","2"
"Samoa","2016","1.491","29","",""
"Samoa","2013","0.629","12","",""
"Samoa","2010","2.421","45","",""
"Samoa","2008","0.927","17","","46"
"Samoa","2003","0.563","10","",""
"San Marino","2014","6.687","22","",""
"Sao Tome and Principe","2004","","","9","2"
"Saudi Arabia","2018","4.971","16752","","2975"
"Saudi Arabia","2017","4.210","13935","",""
"Saudi Arabia","2016","4.377","14201","",""
"Saudi Arabia","2014","3.979","12301","",""
"Saudi Arabia","2001","0.746","1581","",""
"Senegal","2017","0.078","121","57",""
"Senegal","2016","0.081","121","","57"
"Senegal","2013","0.039","54","",""
"Senegal","2008","0.087","105","",""
"Senegal","2004","0.065","70","","27"
"Serbia","2016","","","1748",""
"Serbia","2015","2.142","1901","","803"
"Serbia","2014","2.596","2310","",""
"Serbia","2013","2.685","2395","",""
"Serbia","2012","2.749","2458","",""
"Serbia","2011","2.845","2550","",""
"Serbia","2010","2.814","2530","",""
"Serbia","2009","2.519","2273","",""
"Seychelles","2019","4.299","42","37","81"
"Seychelles","2016","3.553","34","",""
"Seychelles","2012","1.512","14","",""
"Seychelles","2011","1.959","18","",""
"Seychelles","2010","2.081","19","",""
"Seychelles","2009","1.762","16","",""
"Seychelles","2008","1.326","12","",""
"Seychelles","2007","1.776","16","",""
"Seychelles","2006","1.676","15","",""
"Seychelles","2005","1.127","10","",""
"Seychelles","2004","1.487","13","75","6"
"Sierra Leone","2016","0.072","53","",""
"Sierra Leone","2010","0.009","6","",""
"Sierra Leone","2008","0.010","6","10","8"
"Sierra Leone","2004","0.009","5","",""
"Singapore","2018","4.104","2363","389",""
"Singapore","2016","3.888","2198","",""
"Singapore","2013","3.308","1804","345",""
"Singapore","2012","2.928","1572","316",""
"Singapore","2011","2.808","1478","299",""
"Singapore","2010","3.056","1568","",""
"Singapore","2009","2.946","1463","",""
"Singapore","2008","2.961","1414","",""
"Singapore","2007","2.957","1354","",""
"Singapore","2006","3.005","1323","",""
"Singapore","2005","2.994","1277","",""
"Singapore","2004","2.937","1227","",""
"Singapore","2003","2.882","1190","",""
"Singapore","2001","2.666","1087","",""
"Singapore","1999","2.382","942","",""
"Slovakia","2015","4.870","2647","",""
"Slovakia","2013","4.770","2586","303","888"
"Slovakia","2009","4.875","2633","",""
"Slovakia","2004","4.330","2338","",""
"Slovakia","2003","4.330","2338","",""
"Slovakia","2002","4.333","2340","",""
"Slovakia","2001","4.391","2371","",""
"Slovakia","2000","4.415","2384","",""
"Slovenia","2017","7.007","1455","286","1741"
"Slovenia","2016","6.851","1421","",""
"Slovenia","2015","6.721","1392","",""
"Slovenia","2014","6.602","1365","",""
"Slovenia","2013","6.481","1337","",""
"Slovenia","2012","6.298","1296","",""
"Slovenia","2011","6.240","1280","",""
"Slovenia","2010","6.162","1259","",""
"Slovenia","2009","6.077","1236","",""
"Slovenia","2008","6.011","1216","",""
"Slovenia","2007","6.133","1234","",""
"Slovenia","2006","6.003","1202","",""
"Slovenia","2005","6.005","1198","",""
"Slovenia","2004","5.994","1193","",""
"Slovenia","2003","6.052","1203","",""
"Slovenia","2002","6.033","1199","",""
"Slovenia","2001","5.927","1178","",""
"Slovenia","2000","5.831","1159","",""
"Slovenia","1999","5.836","1160","",""
"Slovenia","1998","5.892","1171","",""
"Solomon Islands","2016","0.468","29","",""
"Solomon Islands","2013","0.473","27","","31"
"Solomon Islands","2012","0.396","22","",""
"Solomon Islands","2011","0.665","36","",""
"Solomon Islands","2005","1.107","52","",""
"Solomon Islands","1999","0.647","26","",""
"South Africa","2017","","","6948",""
"South Africa","2016","1.127","6333","5484",""
"South Africa","2015","1.081","5985","4785",""
"South Africa","2014","1.066","5817","4687",""
"South Africa","2013","1.075","5770","4625",""
"South Africa","2012","1.051","5554","4104",""
"South Africa","2011","1.036","5387","3792",""
"South Africa","2010","1.034","5296","3516",""
"South Africa","2004","1.179","5577","417",""
"South Sudan","2018","0.003","3","22","8"
"Spain","2017","7.865","36689","",""
"Spain","2016","7.659","35716","",""
"Spain","2015","7.422","34641","",""
"Spain","2014","7.116","33286","",""
"Spain","2013","6.913","32445","",""
"Spain","2012","6.627","31187","",""
"Spain","2011","6.174","29070","",""
"Spain","2010","5.929","27826","",""
"Spain","2009","5.737","26725","",""
"Spain","2008","5.578","25697","",""
"Spain","2007","5.396","24515","",""
"Spain","2006","5.209","23300","",""
"Spain","2005","5.032","22150","",""
"Spain","2004","4.862","21055","",""
"Spain","2003","4.696","20005","",""
"Spain","2002","4.602","19292","",""
"Spain","2001","4.479","18507","",""
"Spain","2000","4.296","17538","",""
"Spain","1999","4.175","16891","",""
"Spain","1998","4.013","16133","",""
"Spain","1997","3.819","15291","",""
"Spain","1996","3.728","14877","",""
"Spain","1995","3.522","14012","",""
"Spain","1994","3.339","13242","",""
"Spain","1993","3.098","12247","",""
"Spain","1992","2.996","11808","",""
"Spain","1991","2.862","11249","",""
"Spain","1990","2.639","10347","",""
"Spain","1989","","9433","",""
"Sri Lanka","2018","0.650","1380","380","30"
"Sri Lanka","2017","0.697","1473","368","42"
"Sri Lanka","2016","0.686","1443","375","40"
"Sri Lanka","2015","0.650","1360","","50"
"Sri Lanka","2014","0.654","1360","",""
"Sri Lanka","2013","0.619","1279","",""
"Sri Lanka","2012","0.596","1223","",""
"Sri Lanka","2011","0.562","1147","",""
"Sri Lanka","2010","0.516","1046","",""
"Sri Lanka","2009","0.426","858","",""
"Sri Lanka","2008","0.658","1314","",""
"Sri Lanka","2007","0.662","1314","402","27"
"Sri Lanka","2006","0.600","1181","",""
"Sri Lanka","2005","0.488","954","",""
"Sri Lanka","2004","0.398","771","448","26"
"Sri Lanka","2002","0.394","751","",""
"Sri Lanka","2000","0.339","637","",""
"Sri Lanka","1999","0.279","521","",""
"Sri Lanka","1998","0.259","481","",""
"Sri Lanka","1997","0.250","462","",""
"Sri Lanka","1996","0.229","421","",""
"Sri Lanka","1995","0.212","387","",""
"Sri Lanka","1993","0.218","390","",""
"Sri Lanka","1992","0.202","358","",""
"Sri Lanka","1991","0.181","317","",""
"Sri Lanka","1990","0.205","355","",""
"Sudan","2015","2.086","8116","",""
"Sudan","2008","0.234","772","",""
"Sudan","2007","0.233","755","",""
"Sudan","2006","0.298","944","",""
"Sudan","2004","0.232","701","295","86"
"Suriname","2009","0.478","25","",""
"Suriname","2004","0.851","42","",""
"Suriname","2000","0.085","4","",""
"Sweden","2016","8.212","8077","4966",""
"Sweden","2015","8.001","7813","",""
"Sweden","2014","7.962","7717","",""
"Sweden","2013","7.974","7669","",""
"Sweden","2012","8.009","7643","",""
"Sweden","2011","7.989","7563","",""
"Sweden","2010","7.927","7444","",""
"Sweden","2009","7.902","7359","",""
"Sweden","2008","7.972","7363","",""
"Sweden","2007","8.123","7443","",""
"Sweden","2006","8.145","7409","",""
"Sweden","2005","8.113","7333","",""
"Sweden","2004","8.181","7355","",""
"Sweden","2003","8.064","7218","",""
"Sweden","2002","8.094","7220","",""
"Sweden","2001","8.024","7140","",""
"Sweden","2000","7.966","7075","",""
"Sweden","1999","8.063","7154","",""
"Sweden","1998","8.072","7161","",""
"Sweden","1997","8.063","7151","",""
"Sweden","1996","8.304","7357","",""
"Sweden","1995","8.535","7542","",""
"Switzerland","2016","5.032","4217","",""
"Switzerland","2015","5.062","4200","",""
"Switzerland","2014","5.094","4180","",""
"Switzerland","2013","5.189","4208","",""
"Switzerland","2012","5.221","4181","",""
"Switzerland","2011","5.214","4123","",""
"Switzerland","2010","5.262","4109","",""
"Switzerland","2009","5.224","4030","",""
"Switzerland","2008","5.230","3987","",""
"Switzerland","2007","5.216","3931","",""
"Switzerland","2006","5.208","3884","",""
"Switzerland","2005","5.096","3764","",""
"Switzerland","2004","5.023","3679","",""
"Switzerland","2003","4.950","3598","",""
"Switzerland","2002","4.849","3501","",""
"Switzerland","2001","4.780","3432","",""
"Switzerland","2000","4.855","3468","",""
"Switzerland","1999","4.848","3449","",""
"Switzerland","1998","4.893","3470","",""
"Switzerland","1997","5.021","3549","",""
"Switzerland","1996","4.916","3460","",""
"Switzerland","1995","4.966","3474","",""
"Switzerland","1994","5.014","3479","",""
"Switzerland","1993","4.817","3309","",""
"Switzerland","1992","4.958","3368","",""
"Switzerland","1991","4.840","3252","",""
"Switzerland","1990","4.912","3268","",""
"Switzerland","1989","","3230","",""
"Syrian Arab Republic","2016","7.175","12532","",""
"Syrian Arab Republic","2014","8.864","16585","",""
"Syrian Arab Republic","2010","7.482","15984","",""
"Syrian Arab Republic","2009","7.450","15799","",""
"Syrian Arab Republic","2008","7.825","16169","",""
"Syrian Arab Republic","2007","7.441","14791","",""
"Syrian Arab Republic","2005","8.564","15725","",""
"Syrian Arab Republic","2004","8.589","15312","",""
"Syrian Arab Republic","2003","8.566","14917","",""
"Syrian Arab Republic","2002","8.552","14610","",""
"Syrian Arab Republic","2000","6.800","11160","",""
"Syrian Arab Republic","1999","6.678","10694","",""
"Syrian Arab Republic","1998","6.714","10473","",""
"Syrian Arab Republic","1997","6.434","9764","",""
"Tajikistan","2014","1.562","1289","",""
"Tajikistan","2013","1.613","1300","",""
"Tajikistan","2012","1.543","1215","",""
"Tajikistan","2011","1.588","1222","",""
"Tajikistan","2010","1.639","1234","",""
"Tajikistan","2009","1.532","1128","",""
"Tajikistan","2008","1.481","1068","",""
"Tajikistan","2007","1.465","1035","",""
"Tajikistan","2006","1.429","989","",""
"Tajikistan","2005","1.460","991","",""
"Tajikistan","2004","1.457","971","",""
"Tajikistan","2003","1.423","931","",""
"Tajikistan","2002","1.486","955","",""
"Tajikistan","2001","1.464","925","",""
"Tajikistan","2000","1.483","922","",""
"Tajikistan","1999","1.462","895","",""
"Tajikistan","1998","1.885","1136","",""
"Tajikistan","1997","1.605","953","",""
"Tajikistan","1996","1.639","959","",""
"Tajikistan","1995","1.658","956","",""
"Tajikistan","1994","1.631","926","",""
"Tajikistan","1993","1.673","936","",""
"Tajikistan","1992","1.590","875","",""
"Tajikistan","1991","1.418","766","",""
"Tajikistan","1990","1.499","792","",""
"Tajikistan","1989","","778","",""
"Thailand","2019","2.377","16547","6981","3413"
"Thailand","2018","2.319","16102","17676",""
"Thailand","2017","1.672","11575","",""
"Thailand","2016","1.618","11158","16654",""
"Thailand","2010","1.763","11847","5375",""
"Thailand","2009","1.484","9926","4250",""
"Thailand","2008","1.450","9646","3501",""
"Thailand","2007","1.411","9337","3279",""
"Thailand","2006","1.338","8809","3693",""
"Thailand","2004","0.635","4129","",""
"Thailand","2002","0.698","4471","",""
"Thailand","2001","0.679","4317","",""
"Thailand","1999","0.646","4026","",""
"Thailand","1998","0.636","3917","",""
"Thailand","1997","0.561","3414","",""
"Thailand","1995","0.491","2920","",""
"Thailand","1993","0.478","2786","",""
"Thailand","1991","0.421","2408","",""
"Thailand","1989","","2107","",""
"Timor-Leste","2019","0.077","10","54","43"
"Timor-Leste","2018","0.063","8","",""
"Timor-Leste","2017","0.684","85","",""
"Timor-Leste","2015","0.150","18","",""
"Timor-Leste","2014","0.153","18","",""
"Timor-Leste","2011","0.063","7","38","1"
"Timor-Leste","2010","0.064","7","37",""
"Timor-Leste","2009","0.056","6","34",""
"Timor-Leste","2008","0.019","2","29",""
"Timor-Leste","2007","","","28",""
"Timor-Leste","2004","0.021","2","","43"
"Timor-Leste","2001","0.011","1","9",""
"Togo","2018","0.008","6","","3"
"Togo","2017","0.074","57","","6"
"Togo","2016","","","","2"
"Togo","2015","0.025","18","",""
"Togo","2010","0.103","66","33",""
"Togo","2008","0.025","15","","4"
"Togo","2007","0.025","15","","4"
"Togo","2004","0.033","18","","1"
"Tonga","2019","1.627","17","32","14"
"Tonga","2013","1.179","12","","27"
"Tonga","2010","0.962","10","",""
"Tonga","2009","1.059","11","","26"
"Tonga","2003","2.309","23","",""
"Tonga","2001","3.350","33","",""
"Trinidad and Tobago","2019","3.183","444","282",""
"Trinidad and Tobago","2018","3.547","493","",""
"Trinidad and Tobago","2017","3.569","494","",""
"Trinidad and Tobago","2015","3.569","489","",""
"Trinidad and Tobago","2011","2.567","343","",""
"Trinidad and Tobago","2010","2.583","343","",""
"Trinidad and Tobago","2009","2.362","312","",""
"Trinidad and Tobago","2007","2.247","294","",""
"Trinidad and Tobago","2006","2.180","284","",""
"Trinidad and Tobago","2003","1.940","249","",""
"Trinidad and Tobago","2002","1.723","220","",""
"Trinidad and Tobago","2001","1.714","218","",""
"Trinidad and Tobago","2000","1.563","198","",""
"Trinidad and Tobago","1999","1.495","189","",""
"Trinidad and Tobago","1998","1.498","189","",""
"Trinidad and Tobago","1997","1.270","160","",""
"Trinidad and Tobago","1996","1.121","141","",""
"Trinidad and Tobago","1995","1.068","134","",""
"Tunisia","2016","3.059","3458","",""
"Tunisia","2015","3.125","3494","",""
"Tunisia","2010","2.943","3130","",""
"Tunisia","2006","1.821","1858","",""
"Tunisia","2005","1.830","1850","",""
"Tunisia","2004","2.095","2100","","352"
"Tunisia","2002","1.412","1394","",""
"Tunisia","2001","1.409","1380","",""
"Tunisia","2000","1.355","1315","",""
"Tunisia","1999","1.353","1301","",""
"Tunisia","1998","1.342","1276","",""
"Tunisia","1997","1.277","1200","",""
"Tunisia","1996","1.196","1108","",""
"Tunisia","1995","1.137","1038","",""
"Tunisia","1994","1.124","1008","",""
"Tunisia","1993","1.141","1004","",""
"Tunisia","1992","1.125","969","",""
"Tunisia","1991","0.962","811","",""
"Tunisia","1990","0.981","809","",""
"Turkey","2017","3.438","27889","",""
"Turkey","2016","3.341","26674","",""
"Turkey","2015","3.162","24834","",""
"Turkey","2014","2.978","22996","",""
"Turkey","2013","2.936","22295","",""
"Turkey","2012","2.867","21404","",""
"Turkey","2011","2.873","21099","",""
"Turkey","2010","2.963","21432","",""
"Turkey","2009","2.887","20589","",""
"Turkey","2008","2.834","19959","",""
"Turkey","2007","2.771","19278","",""
"Turkey","2006","2.666","18332","",""
"Turkey","2005","2.673","18149","",""
"Turkey","2004","2.670","17893","",""
"Turkey","2003","2.685","17744","",""
"Turkey","2002","2.513","16371","",""
"Turkey","2001","2.504","16075","",""
"Turkey","2000","2.515","15906","",""
"Turkey","1999","2.284","14226","",""
"Turkey","1998","2.188","13421","",""
"Turkey","1997","2.110","12737","",""
"Turkey","1996","2.088","12406","",""
"Turkey","1995","2.003","11717","",""
"Turkey","1994","1.990","11457","",""
"Turkey","1993","1.954","11069","",""
"Turkey","1992","1.920","10703","",""
"Turkey","1991","1.937","10623","",""
"Turkey","1990","1.950","10514","",""
"Turkey","1989","","10132","",""
"Turkmenistan","2014","1.154","631","",""
"Turkmenistan","2013","1.137","610","",""
"Turkmenistan","2012","1.166","614","",""
"Turkmenistan","2011","1.167","604","",""
"Turkmenistan","2010","1.152","586","",""
"Turkmenistan","2009","1.402","702","",""
"Turkmenistan","2008","1.410","696","",""
"Turkmenistan","2007","1.439","701","",""
"Turkmenistan","2006","1.462","703","",""
"Turkmenistan","2005","1.592","757","",""
"Turkmenistan","2004","1.641","772","",""
"Turkmenistan","2003","2.111","983","",""
"Turkmenistan","2002","2.161","996","",""
"Turkmenistan","2001","2.303","1051","",""
"Turkmenistan","2000","2.407","1087","",""
"Turkmenistan","1999","1.785","797","",""
"Turkmenistan","1998","1.785","788","",""
"Uganda","2019","0.07","310","900","130"
"Uganda","2015","0.072","276","",""
"Uganda","2005","0.035","98","","342"
"Uganda","2004","0.044","117","228","18"
"Ukraine","2014","5.975","26954","",""
"Ukraine","2013","6.831","30934","",""
"Ukraine","2012","6.751","30688","",""
"Ukraine","2011","6.632","30255","",""
"Ukraine","2010","6.583","30147","",""
"Ukraine","2009","6.459","29693","",""
"Ukraine","2008","4.604","21250","",""
"Ukraine","2007","4.605","21351","",""
"Ukraine","2006","4.598","21432","",""
"Ukraine","2005","4.630","21709","",""
"Ukraine","2004","4.594","21693","",""
"Ukraine","2003","4.588","21829","",""
"Ukraine","2002","4.565","21903","",""
"Ukraine","2001","4.544","21993","",""
"Ukraine","2000","4.581","22372","",""
"United Arab Emirates","2018","6.513","6273","",""
"United Arab Emirates","2017","5.914","5611","",""
"United Arab Emirates","2016","5.518","5165","",""
"United Arab Emirates","2015","5.307","4916","",""
"United Arab Emirates","2014","4.351","4009","",""
"United Arab Emirates","2013","3.458","3181","",""
"United Arab Emirates","2012","3.438","3143","",""
"United Arab Emirates","2011","3.353","3000","",""
"United Arab Emirates","2010","3.604","3081","",""
"United Arab Emirates","2009","3.630","2874","",""
"United Arab Emirates","2008","2.996","2124","",""
"United Arab Emirates","2007","3.111","1919","",""
"United Arab Emirates","2006","2.562","1358","",""
"United Arab Emirates","2005","3.082","1414","",""
"United Arab Emirates","2004","3.647","1484","",""
"United Arab Emirates","2003","3.432","1274","",""
"United Arab Emirates","2002","3.306","1150","",""
"United Arab Emirates","2001","3.164","1045","",""
"United Arab Emirates","2000","2.559","802","",""
"United Kingdom of Great Britain and Northern Ireland","2018","5.213","35000","",""
"United Kingdom of Great Britain and Northern Ireland","2017","5.209","34760","",""
"United Kingdom of Great Britain and Northern Ireland","2016","5.259","34867","",""
"United Kingdom of Great Britain and Northern Ireland","2015","5.257","34621","",""
"United Kingdom of Great Britain and Northern Ireland","2014","5.250","34348","",""
"United Kingdom of Great Britain and Northern Ireland","2013","5.182","33676","",""
"United Kingdom of Great Britain and Northern Ireland","2012","5.156","33268","",""
"United Kingdom of Great Britain and Northern Ireland","2011","5.189","33218","",""
"United Kingdom of Great Britain and Northern Ireland","2010","5.090","32298","",""
"United Kingdom of Great Britain and Northern Ireland","2009","4.997","31394","",""
"United Kingdom of Great Britain and Northern Ireland","2008","4.927","30617","",""
"United Kingdom of Great Britain and Northern Ireland","2007","4.792","29451","",""
"United Kingdom of Great Britain and Northern Ireland","1997","4.488","26166","31522","32563"
"United Republic of Tanzania","2018","0.075","423","768","864"
"United Republic of Tanzania","2014","0.021","104","933",""
"United Republic of Tanzania","2012","0.021","99","366","44"
"United Republic of Tanzania","2006","0.011","43","175","12"
"United Republic of Tanzania","2002","0.042","147","99","21"
"United States of America","2010","5.778","178559","495175",""
"United States of America","2005","6.082","179414","454582",""
"United States of America","2000","4.765","134245","329418",""
"Uruguay","2017","14.884","5115","",""
"Uruguay","2016","12.193","4175","1561",""
"Uruguay","2008","7.413","2476","",""
"Uruguay","2002","11.834","3936","",""
"Uzbekistan","2014","1.486","4520","",""
"Uzbekistan","2013","1.587","4749","",""
"Uzbekistan","2012","1.602","4719","",""
"Uzbekistan","2011","1.678","4861","",""
"Uzbekistan","2010","1.646","4693","",""
"Uzbekistan","2009","1.592","4468","",""
"Uzbekistan","2008","1.634","4513","",""
"Uzbekistan","2007","1.745","4748","",""
"Uzbekistan","2006","1.793","4805","",""
"Uzbekistan","2005","1.965","5194","",""
"Uzbekistan","2004","2.015","5254","",""
"Uzbekistan","2003","2.085","5368","",""
"Uzbekistan","2002","2.110","5365","",""
"Uzbekistan","2001","2.104","5283","",""
"Uzbekistan","2000","2.063","5109","",""
"Uzbekistan","1999","2.214","5406","",""
"Uzbekistan","1998","2.435","5852","",""
"Uzbekistan","1997","2.475","5852","",""
"Vanuatu","2019","0.3","9","12",""
"Vanuatu","2012","0.681","17","",""
"Vanuatu","2008","0.134","3","",""
"Venezuela (Bolivarian Republic of)","2001","5.550","13680","",""
"Yemen","2014","0.210","543","",""
"Yemen","2010","0.247","573","324",""
"Yemen","2004","0.245","478","372",""
"Yemen","1997","0.160","256","",""
"Zambia","2018","0.012","20","67","238"
"Zambia","2016","0.191","312","",""
"Zambia","2012","0.053","77","282","42"
"Zambia","2011","0.052","73","262","38"
"Zambia","2010","0.181","246","",""
"Zambia","2009","0.182","241","",""
"Zambia","2004","0.233","269","193","29"
"Zimbabwe","2018","0.072","104","508","14"
"Zimbabwe","2017","0.077","109","276",""
"Zimbabwe","2016","0.097","136","157",""
"Zimbabwe","2015","0.048","66","261",""
"Zimbabwe","2014","0.079","107","171",""
"Zimbabwe","2013","0.177","236","",""
"Zimbabwe","2012","0.178","233","",""
"Zimbabwe","2011","0.198","255","",""
"Zimbabwe","2010","0.035","45","134","6"
"Zimbabwe","2009","0.145","182","",""
"Zimbabwe","2008","0.146","181","",""
"Zimbabwe","2007","0.157","192","",""
"Zimbabwe","1995","0.133","152","","33"
"Zimbabwe","1990","0.126","131","","22"
