"Country","Year","Pharmacists  (per 10 000 population)","Pharmacists (number)","Pharmaceutical Technicians and Assistants (number)"
"Afghanistan","2016","0.473","1675",""
"Afghanistan","2015","0.497","1712",""
"Afghanistan","2014","0.513","1711",""
"Afghanistan","2012","0.271","845",""
"Afghanistan","2011","0.278","836",""
"Afghanistan","2010","0.279","814",""
"Afghanistan","2009","0.298","847",""
"Afghanistan","2008","0.299","829",""
"Afghanistan","2007","0.306","830",""
"Afghanistan","2006","0.314","830",""
"Afghanistan","2005","0.351","900",""
"Afghanistan","2001","0.243","525",""
"Albania","2013","8.406","2441",""
"Albania","2011","4.739","1388",""
"Albania","2010","4.491","1324",""
"Albania","2009","4.057","1206",""
"Albania","2008","3.53","1060",""
"Albania","2007","4.077","1237",""
"Albania","2006","3.83","1173",""
"Albania","2003","3.528","1100",""
"Albania","2002","3.493","1092",""
"Albania","2001","3.47","1086",""
"Albania","2000","3.432","1074",""
"Albania","1999","3.337","1042",""
"Albania","1994","4.132","1300",""
"Albania","1993","3.99","1275",""
"Albania","1992","3.851","1250",""
"Albania","1991","3.75","1230",""
"Albania","1990","3.637","1195",""
"Albania","1989","","1160",""
"Algeria","2018","4.454","18807","880"
"Algeria","2007","2.171","7417","815"
"Algeria","2005","1.841","6104",""
"Algeria","2002","1.699","5413","920"
"Andorra","2015","10.128","79","3"
"Andorra","2009","9.231","78",""
"Andorra","2007","8.827","73",""
"Andorra","2006","8.889","72",""
"Andorra","2005","9.125","72",""
"Andorra","2004","9.436","72",""
"Andorra","2003","9.29","68",""
"Andorra","2002","9.571","67",""
"Andorra","2001","9.51","64",""
"Andorra","2000","9.786","64",""
"Andorra","1999","9.627","62",""
"Andorra","1998","8.892","57",""
"Andorra","1997","8.709","56",""
"Andorra","1995","8.294","53",""
"Angola","2004","0.49","919",""
"Angola","1997","0.016","24",""
"Antigua and Barbuda","2007","1.786","15",""
"Argentina","2004","5.069","19510",""
"Argentina","2001","5.681","21177",""
"Argentina","1998","4.243","15300",""
"Argentina","1992","3.132","10500",""
"Armenia","2015","0.489","143",""
"Armenia","2014","0.515","150",""
"Armenia","2013","0.511","148",""
"Armenia","2012","0.433","125",""
"Armenia","2011","0.421","121",""
"Armenia","2010","0.427","123",""
"Armenia","2009","0.381","110",""
"Armenia","2008","0.365","106",""
"Armenia","2007","0.372","109",""
"Armenia","2006","0.345","102",""
"Armenia","2005","0.319","95",""
"Armenia","2004","0.287","86",""
"Armenia","2003","0.311","94",""
"Armenia","2002","0.353","107",""
"Armenia","2001","0.315","96",""
"Armenia","2000","0.345","106",""
"Australia","2017","8.809","21656",""
"Australia","2016","8.639","20960",""
"Australia","2015","8.474","20281",""
"Australia","2014","8.33","19655",""
"Australia","2013","8.234","19148",""
"Australia","2012","7.465","17097",""
"Australia","2011","6.754","15222",""
"Australia","2010","8.683","19237",""
"Australia","2009","10.712","23300",""
"Australia","2008","8.954","19100",""
"Australia","2007","8.701","18200",""
"Australia","2006","7.941","16300",""
"Australia","2005","7.384","14900",""
"Austria","2018","7.141","6349",""
"Austria","2017","7.082","6246",""
"Austria","2016","7.081","6194",""
"Austria","2015","7.033","6104",""
"Austria","2014","6.963","5999",""
"Austria","2013","6.917","5918",""
"Austria","2012","6.849","5823",""
"Austria","2011","6.743","5700",""
"Austria","2010","6.634","5579",""
"Austria","2009","6.512","5452",""
"Austria","2008","6.385","5326",""
"Austria","2007","6.331","5263",""
"Austria","2006","6.267","5192",""
"Austria","2005","6.15","5076",""
"Austria","2004","6.081","4997",""
"Austria","2003","5.955","4869",""
"Austria","2002","5.783","4704",""
"Austria","2001","5.657","4581",""
"Austria","2000","5.616","4532",""
"Austria","1999","5.514","4439",""
"Austria","1998","5.394","4337",""
"Austria","1997","5.308","4264",""
"Austria","1996","5.213","4180",""
"Austria","1995","5.095","4071",""
"Austria","1994","5.045","4009",""
"Austria","1993","4.905","3871",""
"Austria","1992","4.782","3745",""
"Austria","1991","4.608","3582",""
"Austria","1990","4.513","3486",""
"Austria","1989","","3388",""
"Azerbaijan","2014","1.996","1897",""
"Azerbaijan","2013","2.079","1951",""
"Azerbaijan","2012","1.8","1668",""
"Azerbaijan","2011","1.812","1657",""
"Azerbaijan","2010","2.027","1831",""
"Azerbaijan","2009","1.851","1652",""
"Azerbaijan","2008","1.701","1501",""
"Azerbaijan","2007","1.844","1609",""
"Azerbaijan","2006","1.94","1674",""
"Azerbaijan","2005","2.038","1740",""
"Azerbaijan","2004","2.052","1734",""
"Azerbaijan","2003","2.203","1842",""
"Azerbaijan","2002","2.747","2274",""
"Azerbaijan","2001","2.614","2143",""
"Azerbaijan","2000","2.923","2374",""
"Azerbaijan","1999","3.087","2486",""
"Azerbaijan","1998","3.275","2617",""
"Azerbaijan","1997","5.803","4599",""
"Azerbaijan","1996","5.956","4679",""
"Azerbaijan","1995","5.759","4478",""
"Azerbaijan","1994","5.84","4487",""
"Azerbaijan","1993","5.872","4452",""
"Azerbaijan","1992","6.13","4580",""
"Azerbaijan","1991","6.051","4452",""
"Azerbaijan","1990","6.243","4522",""
"Azerbaijan","1989","","4476",""
"Bahamas","2011","5.617","202","90"
"Bahamas","2008","4.015","138","22"
"Bahrain","2015","1.618","222",""
"Bahrain","2014","1.639","219",""
"Bahrain","2013","1.475","194",""
"Bahrain","2012","1.577","205",""
"Bahrain","2011","1.51","193",""
"Bahrain","2010","1.579","196",""
"Bahrain","2009","1.569","186",""
"Bahrain","2008","1.669","186",""
"Bahrain","2007","1.738","180",""
"Bahrain","2006","1.795","172",""
"Bahrain","2005","1.844","164",""
"Bahrain","2003","1.785","139",""
"Bahrain","2002","1.823","134",""
"Bahrain","2001","1.935","135",""
"Bahrain","2000","1.911","127",""
"Bangladesh","2018","1.805","29127",""
"Bangladesh","2017","1.609","25692",""
"Bangladesh","2015","0.781","12199","77432"
"Bangladesh","2014","0.789","12199","71210"
"Bangladesh","2012","0.614","9265","52505"
"Bangladesh","2011","0.615","9186","52505"
"Bangladesh","2010","0.825","12172","49672"
"Bangladesh","2009","0.572","8351","45226"
"Bangladesh","2008","0.554","7993","39074"
"Bangladesh","2002","0.575","7622",""
"Barbados","2005","9.084","251",""
"Barbados","2001","6.789","185",""
"Barbados","1995","6.353","169",""
"Belarus","2015","3.627","3424",""
"Belarus","2014","3.435","3240",""
"Belarus","2013","3.464","3264",""
"Belarus","2012","3.429","3229",""
"Belarus","2011","3.29","3098",""
"Belarus","2010","2.899","2731",""
"Belarus","2009","3.236","3053",""
"Belarus","2008","3.173","2999",""
"Belarus","2007","3.158","2994",""
"Belarus","2006","3.079","2930",""
"Belarus","2005","3.031","2898",""
"Belarus","2004","3.011","2896",""
"Belarus","2003","2.997","2901",""
"Belarus","2002","2.941","2866",""
"Belarus","2001","3.059","3001",""
"Belarus","2000","3.24","3198",""
"Belarus","1999","3.203","3179",""
"Belarus","1998","3.138","3129",""
"Belarus","1997","3.012","3015",""
"Belarus","1996","2.616","2628",""
"Belarus","1995","2.481","2500",""
"Belarus","1994","3.515","3553",""
"Belarus","1993","3.499","3546",""
"Belarus","1992","3.49","3544",""
"Belarus","1991","3.386","3440",""
"Belarus","1990","3.212","3261",""
"Belarus","1989","","3196",""
"Belgium","2018","19.069","21895",""
"Belgium","2017","12.333","14084",""
"Belgium","2016","12.221","13876",""
"Belgium","2015","12.086","13643",""
"Belgium","2014","12.038","13508",""
"Belgium","2013","11.906","13280",""
"Belgium","2012","11.751","13027",""
"Belgium","2011","11.663","12845",""
"Belgium","2010","11.545","12629",""
"Belgium","2009","11.464","12450",""
"Belgium","2008","11.691","12602",""
"Belgium","2007","11.503","12305",""
"Belgium","2006","11.403","12109",""
"Belgium","2005","11.266","11882",""
"Belgium","2004","11.086","11618",""
"Belgium","2003","10.936","11394",""
"Belgium","2002","10.797","11191",""
"Belgium","2001","10.601","10939",""
"Belgium","2000","10.43","10724",""
"Belgium","1999","10.177","10437",""
"Belgium","1998","9.853","10087",""
"Belgium","1997","9.663","9879",""
"Belgium","1996","9.494","9692",""
"Belgium","1995","9.325","9499",""
"Belgium","1994","9.042","9183",""
"Belgium","1993","8.812","8917",""
"Belgium","1992","8.569","8636",""
"Belgium","1991","8.399","8432",""
"Belgium","1990","8.165","8170",""
"Belgium","1989","","7932",""
"Belize","2017","6.759","254",""
"Belize","2009","3.559","112",""
"Benin","2018","0.266","306","45"
"Benin","2016","0.012","13",""
"Benin","2013","1.329","1330","770"
"Benin","2011","0.016","15",""
"Benin","2010","0.017","16",""
"Benin","2008","0.023","20",""
"Benin","2004","0.014","11",""
"Bhutan","2018","0.57","43","172"
"Bhutan","2017","0.496","37","172"
"Bhutan","2016","0.312","23",""
"Bhutan","2015","0.206","15",""
"Bhutan","2014","0.195","14",""
"Bhutan","2013","0.127","9",""
"Bhutan","2012","0.157","11",""
"Bhutan","2008","0.208","14","75"
"Bhutan","2007","0.15","10","77"
"Bhutan","2004","0.11","7","71"
"Bolivia (Plurinational State of)","2016","2.245","2477",""
"Bolivia (Plurinational State of)","2011","0.646","660",""
"Bolivia (Plurinational State of)","2010","0.564","567",""
"Bolivia (Plurinational State of)","2007","0.346","331",""
"Bolivia (Plurinational State of)","2001","3.022","2593","2077"
"Bosnia and Herzegovina","2015","1.292","443",""
"Bosnia and Herzegovina","2014","1.266","441",""
"Bosnia and Herzegovina","2013","1.211","429",""
"Bosnia and Herzegovina","2012","1.171","422",""
"Bosnia and Herzegovina","2011","1.071","392",""
"Bosnia and Herzegovina","2010","1.001","371",""
"Bosnia and Herzegovina","2009","0.974","364",""
"Bosnia and Herzegovina","2008","0.964","362",""
"Bosnia and Herzegovina","2007","0.97","365",""
"Bosnia and Herzegovina","2006","0.916","345",""
"Bosnia and Herzegovina","2005","0.879","331",""
"Bosnia and Herzegovina","2004","0.978","368",""
"Bosnia and Herzegovina","2003","0.965","363",""
"Bosnia and Herzegovina","2002","0.99","372",""
"Bosnia and Herzegovina","2001","0.932","350",""
"Bosnia and Herzegovina","2000","1.013","380",""
"Bosnia and Herzegovina","1999","0.924","346",""
"Bosnia and Herzegovina","1991","1.856","811",""
"Bosnia and Herzegovina","1990","1.826","815",""
"Bosnia and Herzegovina","1989","","781",""
"Botswana","2011","2.134","430",""
"Botswana","2009","0.548","107","258"
"Botswana","2008","0.694","133","106"
"Botswana","2004","0.793","140","193"
"Brazil","2017","6.831","141968","29605"
"Brazil","2010","5.496","107564","14703"
"Brazil","2008","5.421","104098",""
"Brazil","2007","5.475","104098",""
"Brazil","2006","5.532","104098",""
"Brazil","2005","5.356","99696",""
"Brazil","2001","3.766","66727",""
"Brazil","2000","2.605","45532","5785"
"Brazil","1997","3.356","56117",""
"Brunei Darussalam","2015","1.711","71",""
"Brunei Darussalam","2012","1.278","51","116"
"Brunei Darussalam","2011","1.219","48",""
"Brunei Darussalam","2010","1.107","43",""
"Brunei Darussalam","2009","1.094","42",""
"Brunei Darussalam","2008","1.186","45",""
"Brunei Darussalam","2007","1.12","42",""
"Brunei Darussalam","2006","1.107","41",""
"Brunei Darussalam","2005","1.123","41",""
"Brunei Darussalam","2004","1.141","41",""
"Brunei Darussalam","2002","0.865","30",""
"Bulgaria","1999","1.681","1356",""
"Bulgaria","1998","1.879","1529",""
"Bulgaria","1997","1.934","1588",""
"Bulgaria","1996","2.194","1819",""
"Bulgaria","1995","2.246","1882",""
"Bulgaria","1994","2.448","2075",""
"Bulgaria","1993","2.771","2376",""
"Bulgaria","1992","3.074","2667",""
"Bulgaria","1991","3.689","3234",""
"Bulgaria","1990","4.938","4366",""
"Bulgaria","1989","","4257",""
"Burkina Faso","2017","","","156"
"Burkina Faso","2016","0.126","235",""
"Burkina Faso","2015","0.142","258",""
"Burkina Faso","2014","0.123","217",""
"Burkina Faso","2013","0.121","207",""
"Burkina Faso","2012","0.123","203","148"
"Burkina Faso","2011","0.139","223",""
"Burkina Faso","2010","0.118","184","155"
"Burkina Faso","2009","0.106","161",""
"Burkina Faso","2008","0.053","78",""
"Burkina Faso","2004","0.174","227","116"
"Burundi","2012","0.004","4",""
"Burundi","2011","0.026","23","51"
"Burundi","2010","0.027","23","28"
"Burundi","2004","0.102","73","3"
"Cabo Verde","2016","0.075","4",""
"Cabo Verde","2011","0.06","3","2"
"Cabo Verde","2010","0.081","4",""
"Cabo Verde","2009","0.062","3","1"
"Cabo Verde","2008","0.042","2","1"
"Cabo Verde","2007","0.042","2","1"
"Cabo Verde","2006","0.064","3","1"
"Cambodia","2014","0.344","526","89"
"Cambodia","2013","0.349","525","78"
"Cambodia","2012","0.329","487","79"
"Cambodia","2011","0.4","581",""
"Cambodia","2010","0.383","548",""
"Cambodia","2009","0.388","547",""
"Cambodia","2008","0.41","569",""
"Cambodia","2000","0.464","564",""
"Cambodia","1998","0.358","415","201"
"Cambodia","1996","0.298","327","169"
"Cameroon","2016","0.083","199",""
"Cameroon","2011","0.077","162","1178"
"Cameroon","2010","0.021","42",""
"Cameroon","2009","0.014","27",""
"Cameroon","2007","0.02","38",""
"Cameroon","2005","0.015","27",""
"Canada","2016","11.238","40888",""
"Central African Republic","2015","0.045","20",""
"Central African Republic","2009","0.023","10","2"
"Central African Republic","2008","0.019","8","2"
"Central African Republic","2004","0.043","17",""
"Chad","2017","0.047","71",""
"Chad","2015","0.056","79",""
"Chad","2014","0.057","78",""
"Chad","2013","0.054","72",""
"Chad","2012","0.053","68",""
"Chad","2004","0.032","31","6"
"Chile","2018","5.263","9858",""
"Chile","2017","4.942","9128",""
"Chile","2016","4.7","8558",""
"Chile","2015","4.433","7965",""
"Chile","2014","4.125","7325",""
"Chile","2013","3.451","6064",""
"Chile","2012","2.995","5211",""
"Chile","2011","2.687","4630",""
"Chile","2010","2.636","4498",""
"Chile","1992","","","2870"
"China","2017","3.17","453000",""
"China","2015","2.992","423294",""
"China","2014","2.911","409595",""
"China","2013","2.826","395578",""
"China","2012","2.712","377398",""
"China","2011","2.63","363993",""
"China","2010","2.571","353916",""
"China","2009","2.498","341910",""
"China","2008","2.429","330525",""
"China","2007","2.403","325212",""
"China","2006","2.627","353565",""
"China","2005","2.612","349533",""
"China","2004","2.672","355451",""
"China","2002","2.721","357659",""
"China","2000","3.194","414408",""
"China","1999","3.249","418574",""
"China","1998","3.313","423644",""
"China","1997","3.376","428295",""
"China","1996","3.377","424952",""
"China","1995","3.355","418520",""
"China","1990","3.432","405978",""
"Comoros","2012","0.221","16",""
"Comoros","2009","0.267","18","38"
"Comoros","2005","0.245","15",""
"Comoros","2004","0.251","15","26"
"Congo","2016","0.383","191",""
"Congo","2011","0.569","250",""
"Congo","2007","0.098","38","25"
"Congo","2006","0.296","111",""
"Congo","2004","0.271","95","4"
"Congo","1998","0.41","121","133"
"Cook Islands","2014","0.565","1","8"
"Cook Islands","2009","0.538","1","7"
"Cook Islands","2004","1.058","2",""
"Cook Islands","2001","1.111","2",""
"Costa Rica","2016","7.295","3574","68"
"Costa Rica","2015","7.257","3518","97"
"Costa Rica","2013","1.879","891",""
"Costa Rica","2011","8.157","3779",""
"Costa Rica","2000","2.887","1144","957"
"C么te d'Ivoire","2014","1.073","2430","2310"
"C么te d'Ivoire","2008","0.211","413",""
"C么te d'Ivoire","2005","0.07","128",""
"C么te d'Ivoire","2004","0.438","788","227"
"Croatia","2015","7.187","3042",""
"Croatia","2014","7.106","3024",""
"Croatia","2013","6.973","2982",""
"Croatia","2012","6.993","3004",""
"Croatia","2011","6.891","2972",""
"Croatia","2010","6.587","2851",""
"Croatia","2009","6.157","2673",""
"Croatia","2008","6.065","2640",""
"Croatia","2007","5.976","2607",""
"Croatia","2006","5.832","2549",""
"Croatia","2005","5.665","2480",""
"Croatia","2004","5.507","2414",""
"Croatia","2003","5.35","2348",""
"Croatia","2002","5.205","2288",""
"Croatia","2001","5.07","2235",""
"Croatia","2000","4.837","2142",""
"Croatia","1999","4.661","2077",""
"Croatia","1998","4.559","2048",""
"Croatia","1997","4.382","1986",""
"Croatia","1996","4.033","1845",""
"Croatia","1995","3.84","1773",""
"Croatia","1994","3.682","1715",""
"Croatia","1993","3.836","1802",""
"Croatia","1992","3.691","1747",""
"Croatia","1991","3.632","1729",""
"Croatia","1990","3.888","1857",""
"Croatia","1989","","1886",""
"Cuba","2014","","","3058"
"Cuba","2013","","","2930"
"Cuba","2012","","","3751"
"Cuba","2010","","","4656"
"Cuba","2007","","","7047"
"Cyprus","2015","6.46","750",""
"Cyprus","2014","1.632","188",""
"Cyprus","2013","1.635","187",""
"Cyprus","2012","1.718","195",""
"Cyprus","2011","1.689","190",""
"Cyprus","2010","1.627","181",""
"Cyprus","2009","1.63","179",""
"Cyprus","2008","1.553","168","42"
"Cyprus","2007","1.579","168",""
"Cyprus","2006","1.53","160",""
"Cyprus","2005","1.557","160",""
"Cyprus","2004","1.435","145",""
"Cyprus","2003","1.077","107",""
"Cyprus","2002","1.474","144",""
"Cyprus","2001","1.354","130",""
"Cyprus","2000","1.272","120",""
"Cyprus","1999","1.231","114",""
"Cyprus","1998","1.244","113",""
"Cyprus","1997","1.268","113",""
"Cyprus","1996","1.248","109",""
"Cyprus","1995","1.379","118",""
"Cyprus","1994","1.242","104",""
"Cyprus","1993","1.234","101",""
"Cyprus","1992","1.212","97",""
"Cyprus","1991","1.226","96",""
"Cyprus","1990","1.252","96",""
"Cyprus","1989","","96",""
"Czechia","2017","6.868","7308",""
"Czechia","2016","6.754","7172",""
"Czechia","2015","6.57","6965",""
"Czechia","2014","6.349","6724",""
"Czechia","2013","6.029","6383",""
"Czechia","2012","5.979","6327",""
"Czechia","2011","5.888","6222",""
"Czechia","2010","5.752","6061",""
"Czechia","2009","5.64","5915",""
"Czechia","2008","5.622","5861",""
"Czechia","2007","5.585","5785",""
"Czechia","2006","5.673","5842",""
"Czechia","2005","5.616","5761",""
"Czechia","2004","5.541","5674",""
"Czechia","2003","5.479","5610",""
"Czechia","2002","5.264","5397",""
"Czechia","2001","5.062","5199",""
"Czechia","2000","4.917","5059",""
"Czechia","1999","4.644","4786",""
"Czechia","1998","4.416","4559",""
"Czechia","1997","4.258","4402",""
"Czechia","1996","3.934","4072",""
"Czechia","1995","3.633","3763",""
"Czechia","1994","3.382","3504",""
"Czechia","1993","3.306","3425",""
"Czechia","1992","3.509","3633",""
"Czechia","1991","3.642","3768",""
"Czechia","1990","3.831","3962",""
"Czechia","1989","","4135",""
"Democratic People's Republic of Korea","2017","3.969","10094",""
"Democratic People's Republic of Korea","2016","3.989","10094",""
"Democratic People's Republic of Korea","2014","3.753","9404",""
"Democratic People's Republic of Korea","2012","3.716","9215",""
"Democratic People's Republic of Korea","2008","3.547","8622",""
"Democratic People's Republic of Korea","2003","3.102","7303","6194"
"Democratic Republic of the Congo","2016","0.051","404",""
"Democratic Republic of the Congo","2009","0.045","283","212"
"Denmark","2016","5.216","2979",""
"Denmark","2015","5.152","2931",""
"Denmark","2014","5.083","2879",""
"Denmark","2013","5.053","2849",""
"Denmark","2012","4.969","2788",""
"Denmark","2011","4.816","2689",""
"Denmark","2010","4.731","2628",""
"Denmark","2009","4.544","2511",""
"Denmark","2008","4.52","2485",""
"Denmark","2007","4.561","2495",""
"Denmark","2006","4.596","2502",""
"Denmark","2005","4.609","2499",""
"Denmark","2004","4.364","2358",""
"Denmark","2003","4.479","2413",""
"Denmark","2002","4.394","2361",""
"Denmark","2001","4.354","2333",""
"Denmark","2000","4.081","2180",""
"Denmark","1999","4.288","2282",""
"Denmark","1998","4.211","2232",""
"Denmark","1997","4.138","2184",""
"Denmark","1996","3.89","2044",""
"Denmark","1995","4.042","2115",""
"Denmark","1994","3.966","2067",""
"Denmark","1993","3.66","1900",""
"Denmark","1992","3.556","1839",""
"Djibouti","2014","2.337","210",""
"Djibouti","2008","3.258","266",""
"Djibouti","2006","0.201","16",""
"Djibouti","2005","0.23","18","23"
"Djibouti","2004","0.233","18",""
"Djibouti","1999","0.114","8",""
"Dominica","2001","2.582","18",""
"Dominican Republic","2000","3.931","3330",""
"Ecuador","2015","0.415","672","974"
"Ecuador","2011","0.531","810",""
"Ecuador","2009","0.449","664",""
"Ecuador","2003","0.372","497",""
"Ecuador","2002","0.376","494",""
"Ecuador","2001","0.377","487",""
"Ecuador","2000","0.384","487",""
"Ecuador","1999","0.344","428",""
"Ecuador","1998","0.316","385",""
"Ecuador","1997","0.296","354",""
"Ecuador","1996","0.279","327",""
"Ecuador","1994","0.24","269",""
"Ecuador","1993","0.24","263",""
"Ecuador","1992","0.247","265",""
"Ecuador","1991","0.245","257",""
"Ecuador","1990","0.224","229",""
"Ecuador","1989","","222",""
"Egypt","2018","4.573","45014","135"
"Egypt","2017","4.362","42067","190"
"Egypt","2016","4.04","38156","132"
"Egypt","2015","3.956","36573",""
"Egypt","2014","3.263","29507",""
"El Salvador","2017","6.545","4181",""
"El Salvador","2008","3.777","2316",""
"El Salvador","2005","3.767","2280",""
"El Salvador","1999","2.777","1623",""
"Equatorial Guinea","2004","0.167","12","109"
"Eritrea","2004","0.063","17","90"
"Estonia","2018","10.893","1441",""
"Estonia","2017","7.246","956",""
"Estonia","2016","7.315","963",""
"Estonia","2015","7.207","948",""
"Estonia","2014","6.708","883",""
"Estonia","2013","6.58","868",""
"Estonia","2012","6.401","847",""
"Estonia","2011","6.266","832",""
"Estonia","2010","6.321","842",""
"Estonia","2009","6.414","857",""
"Estonia","2008","6.432","862",""
"Estonia","2007","6.487","872",""
"Estonia","2006","6.003","810",""
"Estonia","2005","6.262","849",""
"Estonia","2004","6.189","844",""
"Estonia","2003","5.652","776",""
"Estonia","2002","5.453","754",""
"Estonia","2001","5.741","799",""
"Estonia","2000","5.825","815","306"
"Estonia","1999","5.734","805",""
"Estonia","1998","5.525","777",""
"Estonia","1997","5.455","769",""
"Estonia","1996","5.079","720",""
"Estonia","1995","5.052","724",""
"Estonia","1992","4.583","697",""
"Estonia","1991","5.296","820",""
"Estonia","1990","5.916","926",""
"Estonia","1989","","904",""
"Eswatini","2011","0.28","30",""
"Eswatini","2009","0.189","20","31"
"Eswatini","2004","0.448","46","24"
"Eswatini","2000","0.458","46",""
"Ethiopia","2018","0.358","3907",""
"Ethiopia","2009","0.074","632","2029"
"Ethiopia","2008","0.05","413","3013"
"Ethiopia","2007","0.022","178","1023"
"Ethiopia","2006","0.021","162","1812"
"Ethiopia","2005","0.025","191","1428"
"Ethiopia","2004","0.023","172","1171"
"Ethiopia","2003","0.024","172","633"
"Fiji","2015","1.094","95",""
"Fiji","2009","0.89","76",""
"Fiji","2003","1.103","90",""
"Finland","2014","10.878","5941",""
"Finland","2013","11.068","6020",""
"Finland","2012","11.559","6259",""
"Finland","2011","11.126","5997",""
"Finland","2010","11.078","5944",""
"Finland","2009","10.941","5845",""
"Finland","2008","10.986","5844",""
"Finland","2007","10.693","5665",""
"Finland","2006","10.497","5540",""
"Finland","2005","10.316","5425",""
"Finland","2004","10.597","5555",""
"Finland","2002","13.427","7000",""
"Finland","2001","13.403","6970",""
"Finland","2000","9.647","5005",""
"Finland","1999","14.624","7569",""
"France","2018","10.639","69145",""
"France","2017","10.695","69346",""
"France","2016","10.828","70025",""
"France","2015","10.899","70247",""
"France","2014","10.926","70136","75417"
"France","2013","10.905","69679",""
"France","2012","10.937","69520",""
"France","2011","10.871","68732",""
"France","2010","11.657","73298",""
"France","2009","12.061","75432",""
"France","2008","11.97","74465",""
"France","2007","11.877","73485",""
"France","2006","11.674","71806",""
"France","2005","11.561","70664",""
"France","2004","11.311","68656",""
"France","2003","10.998","66266",""
"France","2002","10.865","64975",""
"France","2001","10.621","63073",""
"France","2000","10.389","61310",""
"Gabon","2017","0.586","121","106"
"Gabon","2016","0.229","46","72"
"Gabon","2004","0.244","33","30"
"Gabon","1999","0.284","34",""
"Gabon","1998","0.291","34",""
"Gabon","1997","0.28","32",""
"Gabon","1996","0.243","27",""
"Gabon","1995","0.212","23",""
"Gabon","1994","0.236","25",""
"Gabon","1993","0.252","26",""
"Gambia","2015","0.024","5","99"
"Gambia","2008","0.077","13","62"
"Gambia","2007","0.079","13","44"
"Gambia","2006","0.069","11",""
"Gambia","2005","0.071","11",""
"Gambia","2004","0.1","15",""
"Gambia","2003","0.124","18","30"
"Georgia","2018","0.987","395",""
"Georgia","2017","1.237","496",""
"Georgia","2016","1.078","433",""
"Georgia","2015","0.783","315",""
"Georgia","2014","0.763","308",""
"Georgia","2013","0.847","343",""
"Georgia","2012","0.75","305",""
"Georgia","2011","0.818","334",""
"Georgia","2010","0.861","353",""
"Georgia","2009","0.835","344",""
"Georgia","2008","0.765","317",""
"Georgia","2007","0.794","331",""
"Georgia","2006","0.812","340",""
"Georgia","2005","0.805","339",""
"Georgia","2004","0.885","374",""
"Georgia","2003","0.88","373",""
"Georgia","2002","0.885","377",""
"Georgia","2001","0.919","395",""
"Georgia","2000","0.983","429",""
"Georgia","1999","1.086","484",""
"Georgia","1998","1.069","489",""
"Georgia","1997","1.049","494",""
"Georgia","1996","0.933","452",""
"Germany","2017","6.47","53480",""
"Germany","2016","6.379","52430",""
"Germany","2015","6.427","52568",""
"Germany","2014","6.385","52004",""
"Germany","2013","6.336","51431",""
"Germany","2012","6.231","50456",""
"Germany","2011","6.265","50656",""
"Germany","2010","6.261","50604",""
"Germany","2009","6.167","49892",""
"Germany","2008","6.156","49904",""
"Germany","2007","6.094","49528",""
"Germany","2006","5.98","48724",""
"Germany","2005","5.889","48058",""
"Germany","2004","5.858","47830",""
"Germany","2003","5.876","47956",""
"Germany","2002","5.931","48359",""
"Germany","2001","5.855","47692",""
"Germany","2000","5.885","47907",""
"Germany","1999","5.888","47920",""
"Germany","1998","5.813","47322",""
"Germany","1997","5.791","47139",""
"Germany","1996","5.599","45534",""
"Germany","1995","5.509","44696",""
"Germany","1994","5.421","43822",""
"Germany","1993","5.332","42887",""
"Germany","1992","5.299","42369",""
"Germany","1991","5.234","41607",""
"Ghana","2017","0.247","718","821"
"Ghana","2013","3.594","9564",""
"Ghana","2008","0.232","547","1126"
"Ghana","2007","0.452","1038",""
"Ghana","2004","","","1388"
"Greece","2017","10.645","11251",""
"Greece","2016","10.645","11300",""
"Greece","2015","10.6","11299",""
"Greece","2014","10.82","11579",""
"Greece","2013","10.671","11461",""
"Greece","2012","10.385","11196",""
"Greece","2011","10.372","11232","2340"
"Greece","2010","10.25","11160",""
"Grenada","2016","6.8","75",""
"Guatemala","2018","0.039","68",""
"Guinea","2016","0.091","107",""
"Guinea","2015","0.124","142",""
"Guinea","2005","0.194","177","22"
"Guinea","2000","0.172","142","57"
"Guinea-Bissau","2016","0.028","5","35"
"Guinea-Bissau","2009","0.061","9","12"
"Guinea-Bissau","2008","0.076","11","27"
"Guinea-Bissau","2004","","","27"
"Guyana","2018","0.09","7",""
"Guyana","2009","0.201","15","72"
"Haiti","2018","0.302","336","340"
"Haiti","2011","0.084","85",""
"Honduras","2000","0.534","351","575"
"Hungary","2018","8.078","7842",""
"Hungary","2017","7.767","7557",""
"Hungary","2016","7.539","7353",""
"Hungary","2015","7.199","7039",""
"Hungary","2014","7.745","7594",""
"Hungary","2013","7.651","7524",""
"Hungary","2012","5.761","5683",""
"Hungary","2011","5.802","5741",""
"Hungary","2010","5.864","5821",""
"Hungary","2009","5.754","5731",""
"Hungary","2008","5.778","5773",""
"Hungary","2007","5.47","5483",""
"Hungary","2006","5.334","5364",""
"Hungary","2005","5.268","5313",""
"Hungary","2004","5.098","5156",""
"Hungary","2003","5.054","5125",""
"Hungary","2002","4.987","5070",""
"Hungary","2001","4.929","5024",""
"Hungary","2000","4.799","4905",""
"Hungary","1999","4.646","4762",""
"Hungary","1998","4.659","4789",""
"Hungary","1997","4.623","4766",""
"Hungary","1996","3.972","4104",""
"Hungary","1995","3.307","3422",""
"Hungary","1994","3.192","3306",""
"Hungary","1993","3.152","3265",""
"Hungary","1992","3.275","3392",""
"Hungary","1991","3.227","3344",""
"Hungary","1990","3.267","3390",""
"Hungary","1989","","3318",""
"Iceland","2017","5.114","171",""
"Iceland","2016","4.997","166",""
"Iceland","2015","4.846","160",""
"Iceland","2014","4.656","153",""
"Iceland","2013","4.676","153",""
"Iceland","2012","4.576","149",""
"Iceland","2011","4.853","157",""
"Iceland","2010","4.839","155",""
"Iceland","2009","5.157","163","173"
"Iceland","2008","5.275","164","173"
"Iceland","2007","5.242","160",""
"India","2018","8.868","1199518",""
"India","2017","6.787","908523",""
"India","2016","5.599","741548",""
"India","2013","5.185","664176",""
"India","2012","4.983","630766",""
"India","2011","5.257","657230",""
"India","2010","5.316","656101",""
"India","2009","5.385","655801",""
"India","2006","4.961","578179",""
"India","2004","1.15","129946","104950"
"India","2003","5.033","559408",""
"India","1991","1.99","177333","33169"
"Indonesia","2018","0.852","22811","44710"
"Indonesia","2017","1.732","45839",""
"Indonesia","2015","1.174","30329",""
"Indonesia","2010","","","11758"
"Indonesia","2009","0.084","2007","8771"
"Indonesia","2003","0.062","1367","6213"
"Indonesia","1992","0.037","693","3843"
"Iran (Islamic Republic of)","2018","2.934","24000",""
"Iran (Islamic Republic of)","2017","2.357","19011",""
"Iran (Islamic Republic of)","2015","2.022","15872",""
"Iran (Islamic Republic of)","2014","2.291","17750",""
"Iran (Islamic Republic of)","2006","1.015","7161","1988"
"Iran (Islamic Republic of)","2005","1.992","13900",""
"Iran (Islamic Republic of)","2004","1.4","9650","4490"
"Iraq","2018","3.266","12552",""
"Iraq","2017","2.913","10939",""
"Iraq","2016","2.642","9672",""
"Iraq","2014","2.502","8609",""
"Iraq","2010","1.908","5675",""
"Ireland","2017","11.624","5525",""
"Ireland","2016","11.472","5387",""
"Ireland","2015","11.158","5191",""
"Ireland","2014","11.755","5439",""
"Ireland","2013","11.366","5246",""
"Ireland","2012","10.859","5004",""
"Ireland","2011","10.435","4791",""
"Ireland","2010","10.028","4567",""
"Ireland","2009","9.903","4451",""
"Ireland","2008","10.111","4465",""
"Ireland","2007","10.339","4471",""
"Ireland","2006","9.71","4108",""
"Ireland","2005","9.176","3800",""
"Ireland","2004","8.785","3565",""
"Ireland","2003","8.505","3385",""
"Ireland","2002","8.045","3144",""
"Ireland","2001","8.237","3165",""
"Ireland","2000","8.046","3044",""
"Israel","2017","8.006","6600",""
"Israel","2016","7.563","6133",""
"Israel","2015","7.812","6233",""
"Israel","2014","7.385","5800",""
"Israel","2013","7.585","5867",""
"Israel","2012","7.836","5967",""
"Israel","2011","7.747","5800",""
"Israel","2010","7.804","5733",""
"Israel","2009","7","5033",""
"Israel","2008","6.599","4633",""
"Israel","2007","6.28","4300",""
"Israel","2006","6.636","4433",""
"Israel","2005","6.892","4500",""
"Israel","2004","6.671","4267",""
"Israel","2003","6.318","3967",""
"Israel","2002","6.646","4100",""
"Israel","2001","6.93","4200",""
"Israel","2000","6.727","4000",""
"Israel","1999","6.352","3700",""
"Israel","1998","5.908","3367",""
"Israel","1997","6.408","3567",""
"Israel","1996","6.637","3600",""
"Italy","2018","10.946","66362",""
"Italy","2017","11.691","70934",""
"Italy","2016","11.551","70074",""
"Italy","2015","11.545","69939",""
"Italy","2014","11.633","70277",""
"Italy","2013","11.381","68474",""
"Jamaica","2016","0.217","63","94"
"Jamaica","2015","0.284","82","106"
"Jamaica","2014","0.25","72","97"
"Jamaica","2013","0.259","74","104"
"Jamaica","2012","0.246","70","104"
"Jamaica","2008","0.345","96","76"
"Japan","2016","18.017","230186",""
"Japan","2014","16.859","216077",""
"Japan","2012","16.019","205716",""
"Japan","2010","15.374","197616",""
"Japan","2008","14.474","186052",""
"Japan","2006","13.566","174218",""
"Jordan","2017","16.011","15668",""
"Jordan","2016","15.34","14656",""
"Jordan","2015","13.032","12076",""
"Jordan","2014","13.696","12215",""
"Jordan","2013","13.662","11639",""
"Jordan","2012","17.108","13840",""
"Jordan","2010","12.602","9151",""
"Jordan","2009","12.199","8409",""
"Jordan","2008","11.767","7715",""
"Jordan","2007","12.928","8087",""
"Jordan","2006","11.219","6722",""
"Jordan","2005","12.314","7100",""
"Jordan","2003","11.654","6333",""
"Jordan","2002","11.218","5965",""
"Jordan","2001","9.559","4987",""
"Jordan","2000","8.451","4329",""
"Jordan","1999","7.604","3826",""
"Jordan","1998","7.282","3600",""
"Kazakhstan","2015","8.139","14301",""
"Kazakhstan","2014","8.185","14163",""
"Kazakhstan","2013","8.122","13828",""
"Kazakhstan","2012","8.083","13540",""
"Kazakhstan","2011","8.009","13207",""
"Kazakhstan","2010","6.931","11265",""
"Kazakhstan","2009","7.623","12230",""
"Kazakhstan","2008","8.117","12875",""
"Kazakhstan","2007","8.057","12651",""
"Kazakhstan","2006","9.033","14048",""
"Kazakhstan","2005","10.146","15628",""
"Kazakhstan","2004","7.599","11588",""
"Kazakhstan","2003","6.881","10390",""
"Kazakhstan","2002","4.322","6472",""
"Kazakhstan","2001","3.16","4711",""
"Kazakhstan","2000","3.054","4558",""
"Kazakhstan","1999","2.401","3607",""
"Kazakhstan","1998","2.709","4115",""
"Kazakhstan","1997","2.506","3860",""
"Kazakhstan","1996","1.39","2173",""
"Kazakhstan","1995","0.728","1153",""
"Kazakhstan","1994","6.925","11096",""
"Kazakhstan","1993","7.85","12703",""
"Kazakhstan","1992","8.949","14590",""
"Kazakhstan","1991","8.993","14724",""
"Kazakhstan","1990","8.899","14580",""
"Kazakhstan","1989","","14347",""
"Kenya","2018","0.188","964","1331"
"Kenya","2014","0.504","2355",""
"Kenya","2013","0.484","2202",""
"Kenya","2012","0.468","2076",""
"Kenya","2010","0.737","3097",""
"Kenya","2009","0.714","2921",""
"Kenya","2008","0.719","2860",""
"Kenya","2004","0.498","1773","1321"
"Kiribati","2016","0.267","3",""
"Kiribati","2013","0.278","3","12"
"Kiribati","2011","0.382","4",""
"Kiribati","2010","0.389","4",""
"Kiribati","2006","0.106","1",""
"Kiribati","2004","0.221","2",""
"Kiribati","1998","0.49","4",""
"Kuwait","2014","4.915","1814",""
"Kuwait","2009","3.148","888",""
"Kuwait","2008","3.027","804",""
"Kuwait","2007","2.963","742",""
"Kuwait","2006","3.016","716",""
"Kuwait","2001","3.433","722",""
"Kyrgyzstan","2014","0.414","242",""
"Kyrgyzstan","2013","0.553","317",""
"Kyrgyzstan","2012","0.502","282",""
"Kyrgyzstan","2011","0.326","180",""
"Kyrgyzstan","2010","0.312","169",""
"Kyrgyzstan","2009","0.296","158",""
"Kyrgyzstan","2008","0.244","128",""
"Kyrgyzstan","2007","0.166","86",""
"Kyrgyzstan","2006","0.258","132",""
"Kyrgyzstan","2005","0.236","120",""
"Kyrgyzstan","2004","0.262","132",""
"Kyrgyzstan","2003","0.273","137",""
"Kyrgyzstan","2002","0.276","138",""
"Kyrgyzstan","2001","0.296","147",""
"Kyrgyzstan","2000","0.285","140",""
"Kyrgyzstan","1996","0.501","232",""
"Kyrgyzstan","1992","2.591","1154",""
"Lao People's Democratic Republic","2017","2.461","1711",""
"Lao People's Democratic Republic","2014","1.922","1276",""
"Lao People's Democratic Republic","2012","1.845","1189",""
"Latvia","2016","8.322","1643",""
"Latvia","2015","7.879","1574",""
"Latvia","2014","7.659","1548",""
"Latvia","2013","7.883","1612",""
"Latvia","2012","6.776","1402",""
"Latvia","2011","6.486","1358",""
"Latvia","2010","6.763","1433",""
"Latvia","2009","6.35","1362",""
"Latvia","2008","6.172","1340",""
"Latvia","2007","5.732","1260",""
"Latvia","2006","6.036","1343",""
"Latvia","2005","5.679","1279",""
"Latvia","2004","5.441","1240",""
"Latvia","2003","5.521","1273",""
"Lebanon","2018","12.928","8868",""
"Lebanon","2017","12.271","8368",""
"Lebanon","2016","11.794","7919",""
"Lebanon","2015","11.618","7590",""
"Lebanon","2014","11.81","7394",""
"Lebanon","2013","11.838","7000",""
"Lebanon","2011","12.855","6687",""
"Lebanon","2010","11.12","5508",""
"Lebanon","2009","9.462","4554",""
"Lebanon","2007","9.79","4667",""
"Lebanon","2005","8.736","4105",""
"Lebanon","2004","6.565","3000",""
"Lebanon","2001","8.416","3359",""
"Lesotho","2003","0.015","3","59"
"Liberia","2010","0.118","46",""
"Liberia","2009","0.123","46",""
"Liberia","2008","0.025","9","260"
"Liberia","2004","0.092","29","6"
"Libya","2017","6.012","3956",""
"Libya","2015","4.856","3117",""
"Libya","2014","6.174","3928",""
"Libya","2009","3.709","2275",""
"Libya","2008","3.684","2232",""
"Libya","2004","1.979","1130",""
"Libya","1997","2.394","1225",""
"Lithuania","2017","9.851","2803",""
"Lithuania","2003","6.648","2270",""
"Lithuania","2002","6.105","2103",""
"Lithuania","2001","6.195","2152",""
"Lithuania","2000","5.931","2077",""
"Lithuania","1999","5.911","2086",""
"Lithuania","1998","5.831","2073",""
"Lithuania","1997","5.805","2078",""
"Lithuania","1996","5.783","2084",""
"Lithuania","1995","5.912","2144",""
"Lithuania","1994","5.201","1898",""
"Luxembourg","2017","7.028","416",""
"Luxembourg","2016","7.008","406",""
"Luxembourg","2015","7.005","397",""
"Luxembourg","2014","6.889","382",""
"Luxembourg","2013","7.04","382",""
"Luxembourg","2012","7.158","380",""
"Luxembourg","2011","7.202","374",""
"Luxembourg","2010","7.364","374",""
"Luxembourg","2009","7.231","359",""
"Luxembourg","2008","7.087","344",""
"Luxembourg","2007","7.202","342",""
"Luxembourg","2006","7.216","336",""
"Luxembourg","2005","7.121","326",""
"Luxembourg","2004","7.105","321",""
"Luxembourg","2003","7.176","321",""
"Luxembourg","2002","6.987","310",""
"Luxembourg","2001","6.701","295",""
"Luxembourg","2000","6.421","280",""
"Luxembourg","1999","6.399","276",""
"Luxembourg","1998","6.153","262",""
"Luxembourg","1997","5.905","248",""
"Luxembourg","1996","6.087","252",""
"Luxembourg","1995","5.758","235",""
"Luxembourg","1994","5.741","231",""
"Luxembourg","1993","5.62","223",""
"Luxembourg","1992","8.585","336",""
"Luxembourg","1991","8.178","316",""
"Luxembourg","1990","8.041","307",""
"Luxembourg","1989","","295",""
"Madagascar","2016","0.002","4",""
"Madagascar","2013","0.007","17",""
"Madagascar","2012","0.003","6",""
"Madagascar","2011","0.002","5",""
"Madagascar","2010","0.003","7",""
"Madagascar","2009","0.003","7",""
"Madagascar","2008","0.004","7",""
"Madagascar","2007","0.004","7",""
"Madagascar","2006","0.004","7",""
"Madagascar","2005","0.004","8",""
"Madagascar","2004","0.004","8",""
"Madagascar","2003","0.005","8",""
"Madagascar","2002","0.005","8",""
"Malawi","2018","0.056","101","234"
"Malawi","2016","","","218"
"Malawi","2009","","","221"
"Malawi","2008","0.213","293",""
"Malaysia","2015","3.472","10511","5308"
"Malaysia","2012","3.32","9652",""
"Malaysia","2011","3.013","8632",""
"Malaysia","2010","2.751","7759","3318"
"Malaysia","2007","1.711","4571",""
"Malaysia","2002","1.19","2880",""
"Malaysia","2000","1.006","2333",""
"Maldives","2018","3.471","179",""
"Maldives","2017","4.795","238",""
"Maldives","2015","4.375","199","192"
"Maldives","2010","6.754","247",""
"Maldives","2009","5.829","206",""
"Maldives","2007","8.502","285",""
"Maldives","2004","7.742","241",""
"Maldives","1996","7.832","203",""
"Maldives","1993","5.688","138",""
"Maldives","1991","4.702","108",""
"Maldives","1989","","25",""
"Mali","2018","0.095","182",""
"Mali","2016","0.108","194",""
"Mali","2010","0.09","135",""
"Mali","2009","0.082","119","2040"
"Mali","2007","0.019","26","188"
"Mali","2004","0.284","351",""
"Malta","2015","12.869","558",""
"Malta","2014","11.46","493",""
"Malta","2013","11.007","469",""
"Malta","2012","10.763","454",""
"Malta","2011","8.02","335",""
"Malta","2010","7.265","301",""
"Malta","2009","5.564","229",""
"Malta","2008","13.7","561",""
"Malta","2007","10.836","442",""
"Malta","2006","12.134","493",""
"Marshall Islands","2012","0.705","4","3"
"Marshall Islands","2010","0.355","2",""
"Marshall Islands","2007","1.071","6",""
"Mauritania","2018","0.177","78","13"
"Mauritania","2009","0.227","77","46"
"Mauritania","2004","0.211","62","19"
"Mauritius","2017","4.199","531",""
"Mauritius","2016","4.073","514",""
"Mauritius","2015","3.946","497",""
"Mauritius","2014","3.929","494",""
"Mauritius","2013","3.664","460",""
"Mauritius","2012","3.446","432",""
"Mauritius","2011","3.261","408","966"
"Mauritius","2010","3.205","400",""
"Mauritius","2009","3.103","386",""
"Mauritius","2008","2.808","348",""
"Mauritius","2007","2.65","327",""
"Mauritius","2004","2.353","286","1142"
"Mexico","2010","0.49","5588","4887"
"Mexico","2000","","","3189"
"Micronesia (Federated States of)","2008","","","16"
"Monaco","2014","26.273","98",""
"Monaco","2013","12.466","46",""
"Monaco","2012","26.301","96",""
"Monaco","2011","25.833","93",""
"Monaco","1995","19.87","61",""
"Monaco","1992","20.736","62",""
"Monaco","1989","","64",""
"Mongolia","2015","5.016","1504",""
"Mongolia","2012","5.222","1475",""
"Mongolia","2011","4.635","1284",""
"Mongolia","2010","4.324","1176",""
"Mongolia","2009","4.069","1088",""
"Mongolia","2008","4.134","1088",""
"Mongolia","2002","3.688","901","192"
"Montenegro","2018","1.911","120","209"
"Morocco","2017","2.598","9244","240"
"Morocco","2009","2.821","9006",""
"Morocco","2004","2.395","7212","154"
"Mozambique","2018","0.103","305","1887"
"Mozambique","2017","0.089","255","2055"
"Mozambique","2015","0.072","194",""
"Mozambique","2013","0.04","103","1388"
"Mozambique","2012","0.029","72","1390"
"Mozambique","2011","0.023","56","1251"
"Mozambique","2010","0.02","48","1173"
"Mozambique","2009","0.022","51","1125"
"Mozambique","2006","","","817"
"Mozambique","2004","0.007","14","604"
"Myanmar","2018","0.738","3965",""
"Myanmar","2017","0.386","2063",""
"Myanmar","2015","","","3762"
"Myanmar","2004","0.026","127",""
"Namibia","2018","2.443","598",""
"Namibia","2007","1.191","239","137"
"Namibia","2004","1.017","194","94"
"Nauru","2015","1.923","2","8"
"Nauru","2011","1.98","2","8"
"Nauru","2009","","","7"
"Nauru","2004","10.101","10",""
"Nepal","2018","3.954","11108",""
"Nepal","2017","0.981","2711","5047"
"Nepal","2012","0.445","1200","3000"
"Nepal","2004","0.105","266","92"
"Netherlands","2017","2.102","3578",""
"Netherlands","2016","2.15","3651",""
"Netherlands","2015","2.125","3599",""
"Netherlands","2014","2.152","3635",""
"Netherlands","2013","2.117","3566",""
"Netherlands","2012","2.05","3443",""
"Netherlands","2011","2.07","3465",""
"Netherlands","2010","1.983","3308",""
"Netherlands","2009","1.956","3252",""
"Netherlands","2008","1.917","3176",""
"Netherlands","2007","1.936","3196",""
"Netherlands","2006","1.92","3156",""
"Netherlands","2005","1.804","2952",""
"Netherlands","2004","1.779","2898",""
"Netherlands","2003","1.746","2828",""
"Netherlands","2002","1.672","2693",""
"Netherlands","2001","1.624","2601",""
"Netherlands","2000","1.553","2473",""
"Netherlands","1999","1.541","2441",""
"Netherlands","1998","1.782","2806",""
"Netherlands","1997","1.751","2742",""
"Netherlands","1996","1.71","2661",""
"Netherlands","1995","1.63","2521",""
"Netherlands","1994","1.616","2484",""
"Netherlands","1993","1.614","2464",""
"Netherlands","1992","1.577","2392",""
"Netherlands","1991","1.518","2287",""
"Netherlands","1990","1.501","2247",""
"Netherlands","1989","","2229",""
"New Zealand","2018","7.185","3408",""
"New Zealand","2017","6.799","3197",""
"New Zealand","2016","6.756","3148",""
"New Zealand","2015","6.664","3075",""
"New Zealand","2014","6.546","2990",""
"New Zealand","2013","6.489","2932",""
"New Zealand","2012","6.403","2861",""
"New Zealand","2011","6.384","2821",""
"New Zealand","2010","6.293","2750",""
"New Zealand","2009","6.157","2662",""
"New Zealand","2008","6.077","2600",""
"New Zealand","2007","6.825","2889",""
"New Zealand","2006","6.692","2801",""
"New Zealand","2005","6.739","2787",""
"New Zealand","2001","","","1179"
"Nicaragua","2014","1.857","1141",""
"Niger","2016","0.012","24",""
"Niger","2015","0.025","50",""
"Niger","2014","0.007","14",""
"Niger","2013","0.028","51",""
"Niger","2009","0.014","22",""
"Niger","2008","0.012","19","2"
"Niger","2004","0.015","20",""
"Nigeria","2018","1.259","24668","5793"
"Nigeria","2015","1.106","20035",""
"Nigeria","2011","0.945","15377","1645"
"Nigeria","2010","0.732","11598","11948"
"Nigeria","2009","0.93","14353",""
"Nigeria","2008","0.878","13199","5483"
"Nigeria","2007","0.902","13199","5483"
"Nigeria","2006","0.877","12503",""
"Nigeria","2005","0.869","12072",""
"Nigeria","2004","0.469","6344",""
"Niue","2008","6.25","1",""
"Niue","2006","5.882","1",""
"Niue","2004","5.882","1",""
"Niue","2003","5.882","1",""
"Niue","1996","4.762","1",""
"Norway","2018","8.288","4424",""
"Norway","2017","8.007","4241",""
"Norway","2016","7.808","4100",""
"Norway","2015","7.429","3863",""
"Norway","2014","7.215","3710",""
"Norway","2013","6.902","3506",""
"Norway","2012","6.716","3367",""
"Norway","2011","6.459","3196",""
"Norway","2010","6.386","3120",""
"Norway","2009","6.248","3016",""
"Oman","2018","5.574","2692","1998"
"Oman","2017","5.24","2445","2020"
"Oman","2016","5.403","2420","2193"
"Oman","2015","4.994","2131","1970"
"Oman","2014","4.899","1973","1918"
"Oman","2013","4.76","1792","1825"
"Oman","2012","4.737","1657","1899"
"Oman","2011","4.177","1358","1692"
"Oman","2010","4.113","1251","1533"
"Oman","2009","3.779","1087","1401"
"Oman","2008","3.457","951","1271"
"Oman","2007","3.447","916","1200"
"Oman","2006","3.119","805","1028"
"Oman","2005","2.998","753","912"
"Oman","2004","2.854","698","853"
"Oman","2000","2.183","495","688"
"Oman","1999","","","452"
"Oman","1998","","","424"
"Oman","1997","","","390"
"Oman","1995","1.615","356","367"
"Oman","1990","1.363","247","186"
"Pakistan","2018","1.576","33455",""
"Pakistan","2017","1.609","33455",""
"Pakistan","2015","","","115900"
"Pakistan","2012","1.33","24907",""
"Pakistan","2004","0.517","8102",""
"Palau","2010","1.111","2",""
"Palau","2007","0.521","1",""
"Panama","2017","2.082","855",""
"Papua New Guinea","2018","0.134","115",""
"Papua New Guinea","2017","0.673","568",""
"Papua New Guinea","2012","0.464","354",""
"Paraguay","2018","0.318","221","68"
"Paraguay","2002","1.527","845","1023"
"Peru","2012","0.518","1528",""
"Peru","2009","0.633","1822",""
"Peru","2007","2.88","8160","8830"
"Philippines","2017","3.306","34767",""
"Philippines","2011","6.173","59000","25000"
"Philippines","2004","5.863","49667",""
"Philippines","2002","5.698","46360",""
"Poland","2017","7.728","29330",""
"Poland","2016","7.704","29268",""
"Poland","2015","7.394","28121",""
"Poland","2014","7.284","27747",""
"Poland","2013","7.193","27446",""
"Poland","2012","7.022","26843",""
"Poland","2011","6.867","26290",""
"Poland","2010","6.575","25203",""
"Poland","2009","6.32","24238",""
"Poland","2008","6.143","23561",""
"Poland","2007","6.027","23114",""
"Poland","2006","5.884","22566",""
"Poland","2005","5.758","22091",""
"Poland","2004","5.819","22345",""
"Poland","2003","6.607","25397",""
"Poland","2002","6.345","24421",""
"Poland","2001","6.17","23774",""
"Poland","2000","5.748","22161",""
"Poland","1999","5.667","21857",""
"Poland","1998","5.246","20229",""
"Poland","1997","5.358","20652",""
"Poland","1996","5.23","20139",""
"Poland","1995","5.057","19447",""
"Poland","1994","4.875","18716",""
"Poland","1993","4.588","17574",""
"Poland","1992","4.277","16338",""
"Poland","1991","4.226","16094",""
"Poland","1990","3.98","15110",""
"Poland","1989","","15960",""
"Portugal","2017","9.078","9340",""
"Portugal","2016","8.511","8788",""
"Portugal","2015","8.402","8711",""
"Portugal","2014","8.043","8379",""
"Portugal","2013","7.704","8068",""
"Portugal","2012","7.357","7744",""
"Portugal","2011","7.503","7930",""
"Portugal","2010","7.242","7674",""
"Portugal","2009","7.042","7467",""
"Portugal","2008","6.542","6931",""
"Portugal","2007","5.949","6290",""
"Portugal","2006","5.652","5959",""
"Portugal","2005","5.457","5735",""
"Portugal","2004","5.213","5458",""
"Portugal","2003","4.907","5118",""
"Portugal","2002","4.501","4675",""
"Portugal","2001","4.303","4450",""
"Portugal","2000","4.127","4250",""
"Portugal","1999","4.009","4111",""
"Qatar","2018","8.894","2474",""
"Qatar","2016","10.387","2757",""
"Qatar","2014","8.686","2136",""
"Qatar","2006","10.326","1056",""
"Qatar","2005","12.711","1100",""
"Republic of Korea","2017","7.237","36980",""
"Republic of Korea","2016","6.658","33946",""
"Republic of Korea","2015","6.534","33206",""
"Republic of Korea","2014","6.451","32645",""
"Republic of Korea","2013","6.463","32537",""
"Republic of Korea","2012","6.504","32560",""
"Republic of Korea","2011","6.757","33643",""
"Republic of Korea","2010","6.489","32152",""
"Republic of Korea","2009","6.483","31994",""
"Republic of Korea","2008","6.432","31635",""
"Republic of Korea","2007","6.376","31265",""
"Republic of Korea","2006","6.39","31237",""
"Republic of Korea","2005","6.283","30600",""
"Republic of Moldova","2017","4.05","1644",""
"Republic of Moldova","2013","4.665","1901",""
"Republic of Moldova","2011","4.594","1874",""
"Republic of Moldova","2010","4.354","1779",""
"Republic of Moldova","2009","4.325","1772",""
"Republic of Moldova","2008","4.325","1779",""
"Republic of Moldova","2007","4.034","1666",""
"Republic of Moldova","2006","3.861","1601",""
"Republic of Moldova","2005","3.967","1650",""
"Republic of Moldova","2004","3.892","1622",""
"Republic of Moldova","2003","3.067","1280",""
"Republic of Moldova","2002","3.202","1338",""
"Republic of Moldova","2001","3.327","1393",""
"Republic of Moldova","2000","3.141","1320",""
"Republic of Moldova","1994","6.734","2935",""
"Republic of Moldova","1993","6.987","3054",""
"Republic of Moldova","1992","7.113","3113",""
"Republic of Moldova","1991","7.609","3329",""
"Republic of Moldova","1990","7.742","3380",""
"Republic of Moldova","1989","","3352",""
"Romania","2017","9.073","17833",""
"Romania","2016","9.287","18385",""
"Romania","2013","8.062","16231",""
"Romania","2012","7.593","15359",""
"Romania","2011","7.125","14490","14940"
"Romania","2010","6.611","13534",""
"Romania","2009","5.763","11894",""
"Romania","2008","5.562","11586",""
"Romania","2007","5.224","10989",""
"Romania","2006","4.665","9906",""
"Romania","2005","4.323","9259",""
"Romania","2004","3.963","8551",""
"Romania","2003","3.507","7618",""
"Romania","2002","3.244","7089","7805"
"Romania","2001","3.221","7083",""
"Romania","2000","3.167","7012",""
"Romania","1999","2.871","6401",""
"Russian Federation","2014","0.492","7115",""
"Russian Federation","2013","0.531","7661",""
"Russian Federation","2012","0.527","7593",""
"Russian Federation","2011","0.569","8181",""
"Russian Federation","2010","0.582","8344",""
"Russian Federation","2009","0.645","9238",""
"Russian Federation","2008","0.636","9110",""
"Russian Federation","2007","0.622","8916",""
"Russian Federation","2006","0.639","9166",""
"Russian Federation","2005","0.66","9479",""
"Russian Federation","2004","0.645","9293",""
"Russian Federation","2003","0.652","9422",""
"Russian Federation","2002","0.6","8709",""
"Russian Federation","2001","0.566","8256",""
"Russian Federation","2000","0.582","8526",""
"Russian Federation","1999","0.501","7360",""
"Russian Federation","1998","0.493","7267",""
"Russian Federation","1997","0.603","8912",""
"Russian Federation","1996","0.647","9570",""
"Russian Federation","1995","0.403","5980",""
"Russian Federation","1994","0.309","4587",""
"Russian Federation","1993","0.223","3310",""
"Russian Federation","1992","0.204","3020",""
"Rwanda","2018","0.72","886",""
"Rwanda","2017","0.734","879",""
"Rwanda","2015","0.1","114",""
"Rwanda","2009","0.037","36","14"
"Rwanda","2008","0.029","28","14"
"Saint Lucia","2017","4.365","79",""
"Saint Lucia","2001","1.454","23",""
"Saint Vincent and the Grenadines","2004","3.318","36",""
"Saint Vincent and the Grenadines","2001","2.132","23",""
"Samoa","2013","0.734","14",""
"Samoa","2008","0.873","16","43"
"Samoa","2003","1.127","20",""
"San Marino","2014","6.687","22",""
"San Marino","2013","7.055","23",""
"San Marino","2012","7.165","23",""
"San Marino","2011","7.256","23",""
"Sao Tome and Principe","2004","0.13","2","22"
"Saudi Arabia","2018","8.642","29125",""
"Saudi Arabia","2017","7.589","25119",""
"Saudi Arabia","2016","7.859","25497",""
"Saudi Arabia","2014","6.999","21639",""
"Saudi Arabia","2012","5.347","15590",""
"Saudi Arabia","2011","5.419","15317",""
"Saudi Arabia","2010","5.444","14928",""
"Saudi Arabia","2009","5.611","14943",""
"Saudi Arabia","2008","6.127","15862",""
"Senegal","2017","0.11","170",""
"Senegal","2016","0.113","170",""
"Senegal","2015","0.098","143",""
"Senegal","2013","0.585","806","371"
"Senegal","2008","0.089","107","20"
"Senegal","2004","0.058","63","22"
"Serbia","2016","8.107","7178","5447"
"Serbia","2015","","","2295"
"Seychelles","2016","4.702","45","64"
"Seychelles","2012","0.432","4",""
"Seychelles","2011","0.544","5",""
"Seychelles","2010","0.438","4",""
"Seychelles","2009","0.441","4",""
"Seychelles","2008","0.442","4",""
"Seychelles","2007","0.444","4",""
"Seychelles","2006","0.447","4",""
"Seychelles","2005","0.789","7",""
"Seychelles","2004","0.572","5","56"
"Sierra Leone","2016","0.112","82",""
"Sierra Leone","2011","0.3","197",""
"Sierra Leone","2010","0.051","33","80"
"Sierra Leone","2008","0.028","17","175"
"Sierra Leone","2004","0.155","84","256"
"Singapore","2016","5.085","2875",""
"Singapore","2013","4.008","2186",""
"Singapore","2012","3.691","1982",""
"Singapore","2011","3.824","2013",""
"Singapore","2010","3.535","1814",""
"Singapore","2009","3.338","1658",""
"Singapore","2008","3.237","1546",""
"Singapore","2007","3.239","1483",""
"Singapore","2006","3.228","1421",""
"Singapore","2005","3.118","1330",""
"Singapore","2004","3.083","1288",""
"Singapore","2003","3.1","1280",""
"Singapore","2001","2.798","1141",""
"Singapore","1999","2.637","1043",""
"Slovakia","2015","","","2182"
"Slovakia","2013","","","2065"
"Slovakia","2004","4.904","2648",""
"Slovakia","2003","4.695","2535",""
"Slovakia","2002","4.531","2447",""
"Slovakia","2001","4.23","2284",""
"Slovakia","2000","3.645","1968",""
"Slovenia","2017","6.848","1422",""
"Slovenia","2016","6.537","1356",""
"Slovenia","2015","6.252","1295",""
"Slovenia","2014","6.017","1244",""
"Slovenia","2013","5.763","1189",""
"Slovenia","2012","5.632","1159",""
"Slovenia","2011","5.514","1131",""
"Slovenia","2010","5.393","1102",""
"Slovenia","2009","5.241","1066",""
"Slovenia","2008","4.805","972",""
"Slovenia","2007","4.846","975",""
"Slovenia","2006","4.699","941",""
"Slovenia","2005","4.461","890",""
"Slovenia","2004","4.211","838",""
"Slovenia","2003","4.065","808",""
"Slovenia","2002","3.915","778",""
"Slovenia","2001","3.844","764",""
"Slovenia","2000","3.758","747",""
"Slovenia","1999","3.446","685",""
"Slovenia","1998","3.386","673",""
"Solomon Islands","2016","1.195","74",""
"Solomon Islands","2013","1.313","75",""
"Solomon Islands","2012","1.097","61",""
"Solomon Islands","2011","0.813","44",""
"Solomon Islands","2005","1.128","53",""
"Solomon Islands","1999","0.697","28",""
"South Africa","2017","","","11741"
"South Africa","2016","2.716","15267","21713"
"South Africa","2015","2.85","15784","18477"
"South Africa","2014","2.749","14994","17491"
"South Africa","2012","2.582","13642","7320"
"South Africa","2011","2.464","12813","5822"
"South Africa","2004","2.347","11097","1424"
"Spain","2017","11.548","53867",""
"Spain","2016","12.044","56167",""
"Spain","2015","11.87","55400",""
"Spain","2014","11.665","54567",""
"Spain","2013","11.101","52100",""
"Spain","2012","10.454","49200",""
"Spain","2011","9.295","43767",""
"Spain","2010","9.162","43000",""
"Spain","2009","9.338","43500",""
"Spain","2008","9.92","45700",""
"Spain","2007","9.48","43067",""
"Spain","2006","9.159","40967",""
"Spain","2005","8.504","37433",""
"Spain","2004","8.012","34700",""
"Spain","2003","7.567","32233",""
"Spain","2002","7.737","32433",""
"Spain","2001","7.753","32033",""
"Spain","2000","7.144","29167",""
"Spain","1999","6.336","25633",""
"Spain","1998","5.721","23000",""
"Spain","1997","6.061","24267",""
"Spain","1996","5.847","23333",""
"Sri Lanka","2018","0.824","1750",""
"Sri Lanka","2017","0.77","1626",""
"Sri Lanka","2016","0.735","1546",""
"Sri Lanka","2015","0.719","1504",""
"Sri Lanka","2014","0.707","1469",""
"Sri Lanka","2013","0.652","1348",""
"Sri Lanka","2012","0.665","1365",""
"Sri Lanka","2011","0.655","1336",""
"Sri Lanka","2007","0.447","886",""
"Sri Lanka","2004","0.468","907",""
"Sri Lanka","1993","0.317","568",""
"Sudan","2017","0.252","1027",""
"Sudan","2015","4.371","17005",""
"Sudan","2008","0.117","386",""
"Sudan","2007","0.116","377",""
"Sudan","2006","0.484","1531",""
"Sudan","2004","0.442","1336","2222"
"Suriname","2009","0.593","31",""
"Sweden","2016","7.73","7603",""
"Sweden","2015","7.606","7427",""
"Sweden","2014","7.538","7306",""
"Sweden","2013","7.497","7211",""
"Sweden","2012","7.609","7261",""
"Sweden","2011","7.629","7222",""
"Sweden","2010","7.544","7084",""
"Sweden","2009","7.46","6948",""
"Sweden","2008","7.673","7087",""
"Sweden","2007","7.744","7096",""
"Sweden","2006","7.609","6921",""
"Sweden","2005","7.599","6868",""
"Sweden","2004","7.58","6815",""
"Sweden","2003","7.425","6646",""
"Sweden","2002","7.384","6587",""
"Sweden","2001","7.336","6527",""
"Sweden","2000","7.245","6435",""
"Sweden","1999","6.596","5853",""
"Sweden","1998","6.726","5967",""
"Sweden","1997","6.81","6040",""
"Sweden","1996","6.812","6035",""
"Sweden","1995","6.728","5945",""
"Sweden","1994","6.576","5786",""
"Sweden","1993","6.406","5603",""
"Sweden","1992","6.235","5416",""
"Sweden","1991","6.127","5285",""
"Sweden","1990","5.929","5080",""
"Sweden","1989","","4847",""
"Switzerland","2017","6.964","5889",""
"Switzerland","2016","6.997","5863",""
"Switzerland","2015","6.435","5339",""
"Switzerland","2014","6.449","5292",""
"Switzerland","2013","6.441","5223",""
"Switzerland","2012","6.648","5324",""
"Switzerland","2011","6.65","5258",""
"Switzerland","2010","6.369","4973",""
"Switzerland","2009","6.373","4916",""
"Switzerland","2008","6.321","4818",""
"Switzerland","2007","6.225","4692",""
"Switzerland","2006","6.058","4518",""
"Switzerland","2005","6.074","4487",""
"Switzerland","2004","6.09","4460",""
"Switzerland","2003","6.285","4568",""
"Switzerland","2002","6.374","4602",""
"Switzerland","2001","6.313","4532",""
"Switzerland","2000","6.229","4450",""
"Switzerland","1999","6.115","4351",""
"Switzerland","1998","6.354","4506",""
"Switzerland","1997","6.259","4424",""
"Switzerland","1996","6.218","4376",""
"Switzerland","1995","5.972","4178",""
"Switzerland","1994","5.958","4134",""
"Switzerland","1993","5.783","3972",""
"Switzerland","1992","5.613","3813",""
"Switzerland","1991","5.501","3696",""
"Switzerland","1990","5.359","3565",""
"Switzerland","1989","","3417",""
"Syrian Arab Republic","2016","10.658","18614",""
"Syrian Arab Republic","2014","14.812","27715",""
"Syrian Arab Republic","2010","7.749","16554",""
"Syrian Arab Republic","2009","8.093","17162",""
"Syrian Arab Republic","2008","8.023","16579",""
"Syrian Arab Republic","2007","6.536","12992",""
"Syrian Arab Republic","2005","7.199","13218",""
"Syrian Arab Republic","2004","7.137","12724",""
"Syrian Arab Republic","2003","6.207","10809",""
"Syrian Arab Republic","2002","5.885","10055",""
"Syrian Arab Republic","2000","5.404","8868",""
"Syrian Arab Republic","1999","5.114","8189",""
"Syrian Arab Republic","1998","5.087","7936",""
"Syrian Arab Republic","1997","4.774","7244",""
"Tajikistan","2003","1.04","680",""
"Tajikistan","2002","1.058","680",""
"Tajikistan","2001","1.076","680",""
"Tajikistan","2000","1.094","680",""
"Tajikistan","1999","1.198","733",""
"Tajikistan","1998","1.231","742",""
"Tajikistan","1997","1.276","758",""
"Tajikistan","1996","1.371","802",""
"Tajikistan","1995","0.763","440",""
"Tajikistan","1994","0.352","200",""
"Tajikistan","1993","0.411","230",""
"Tajikistan","1992","1.161","639",""
"Tajikistan","1991","1.278","690",""
"Tajikistan","1990","1.185","626",""
"Tajikistan","1989","","616",""
"Thailand","2018","5.531","38398",""
"Thailand","2017","4.175","28896",""
"Thailand","2016","5.186","35767","8004"
"Thailand","2015","1.78","12231",""
"Thailand","2010","1.295","8700",""
"Thailand","2009","1.255","8390",""
"Thailand","2008","1.287","8565",""
"Thailand","2007","1.2","7940",""
"Thailand","2006","1.206","7937",""
"Thailand","2004","1.141","7413",""
"Thailand","2002","1.147","7350",""
"Thailand","2001","1.079","6858",""
"Thailand","1999","0.973","6062",""
"Thailand","1998","0.96","5911",""
"Thailand","1997","0.976","5941",""
"Thailand","1995","0.987","5867",""
"Thailand","1993","0.809","4721",""
"Thailand","1991","0.757","4333",""
"Thailand","1989","","3825",""
"Timor-Leste","2018","1.893","",""
"Timor-Leste","2017","2.043","254",""
"Timor-Leste","2015","0.084","10","160"
"Timor-Leste","2014","0.068","8","128"
"Timor-Leste","2011","0.135","15","116"
"Timor-Leste","2010","0.137","15","115"
"Timor-Leste","2009","0.074","8","53"
"Timor-Leste","2008","0.038","4","44"
"Timor-Leste","2007","0.039","4","20"
"Timor-Leste","2004","0.01","1","13"
"Togo","2018","0.27","213","3"
"Togo","2017","0.283","218","3"
"Togo","2016","0.017","13","1"
"Togo","2015","0.023","17",""
"Togo","2010","","","53"
"Togo","2008","0.018","11",""
"Togo","2007","0.019","11","2"
"Togo","2004","0.09","49","85"
"Tonga","2013","0.393","4","23"
"Tonga","2012","0.876","9",""
"Tonga","2010","0.385","4",""
"Tonga","2009","0.385","4","11"
"Tonga","2001","1.726","17",""
"Trinidad and Tobago","2018","6.641","923",""
"Trinidad and Tobago","2017","6.705","928",""
"Trinidad and Tobago","2016","5.009","690",""
"Trinidad and Tobago","2011","4.865","650",""
"Trinidad and Tobago","2010","4.826","641",""
"Trinidad and Tobago","2009","4.815","636",""
"Trinidad and Tobago","2007","4.899","641",""
"Trinidad and Tobago","2006","4.337","565",""
"Trinidad and Tobago","2003","4.09","525",""
"Trinidad and Tobago","2002","3.923","501",""
"Trinidad and Tobago","2001","3.979","506",""
"Trinidad and Tobago","2000","4.34","550",""
"Trinidad and Tobago","1999","3.956","500",""
"Trinidad and Tobago","1998","4.201","530",""
"Trinidad and Tobago","1997","4.112","518",""
"Trinidad and Tobago","1996","4.087","514",""
"Trinidad and Tobago","1995","4.258","534",""
"Tunisia","2017","2.287","2615",""
"Tunisia","2016","2.294","2593",""
"Tunisia","2015","2.318","2592",""
"Tunisia","2010","3.043","3236",""
"Tunisia","2006","2.211","2255",""
"Tunisia","2005","2.092","2114",""
"Tunisia","2004","2.773","2779","130"
"Tunisia","2002","2.077","2050",""
"Tunisia","2001","2.04","1998",""
"Tunisia","2000","2.01","1951",""
"Tunisia","1999","1.758","1690",""
"Tunisia","1998","1.707","1623",""
"Tunisia","1997","1.668","1567",""
"Tunisia","1996","1.652","1531",""
"Tunisia","1995","1.643","1499",""
"Tunisia","1994","1.58","1417",""
"Tunisia","1993","1.504","1323",""
"Tunisia","1992","1.544","1330",""
"Tunisia","1991","1.547","1304",""
"Tunisia","1990","1.504","1240",""
"Turkey","2017","3.515","28512",""
"Turkey","2016","3.491","27864",""
"Turkey","2015","3.506","27530",""
"Turkey","2014","3.522","27199",""
"Turkey","2013","3.558","27012",""
"Turkey","2012","3.559","26571",""
"Turkey","2011","3.552","26089",""
"Turkey","2010","3.665","26506",""
"Turkey","2009","3.533","25201",""
"Turkey","2008","3.519","24778",""
"Turkey","2007","3.446","23977",""
"Turkey","2006","3.365","23140",""
"Turkey","2005","3.351","22756",""
"Turkey","2004","3.374","22608",""
"Turkey","2003","3.385","22371",""
"Turkey","2002","3.421","22289",""
"Turkey","2001","3.446","22119",""
"Turkey","2000","3.467","21927",""
"Turkmenistan","2014","1.694","926",""
"Turkmenistan","2013","1.688","906",""
"Turkmenistan","2012","1.688","889",""
"Turkmenistan","2011","1.714","887",""
"Turkmenistan","2010","1.824","928",""
"Turkmenistan","2009","1.903","953",""
"Turkmenistan","2008","1.967","971",""
"Turkmenistan","2007","1.992","970",""
"Turkmenistan","2006","1.925","926",""
"Turkmenistan","2005","2.074","986",""
"Turkmenistan","2004","2.098","987",""
"Turkmenistan","2003","2.661","1239",""
"Turkmenistan","2002","2.69","1240",""
"Turkmenistan","2001","3.116","1422",""
"Turkmenistan","2000","3.253","1469",""
"Uganda","2015","0.012","45",""
"Uganda","2012","0.159","550","650"
"Uganda","2005","0.059","162","600"
"Uganda","2004","0.08","215","473"
"Ukraine","2014","0.337","1521",""
"Ukraine","2013","0.413","1870",""
"Ukraine","2012","0.394","1793",""
"Ukraine","2011","0.384","1753",""
"Ukraine","2010","0.397","1818",""
"Ukraine","2009","0.379","1744",""
"Ukraine","2008","0.255","1177",""
"Ukraine","2007","0.248","1149",""
"Ukraine","2006","0.249","1161",""
"Ukraine","2005","0.253","1185",""
"Ukraine","2004","0.242","1144",""
"Ukraine","2003","0.26","1239",""
"Ukraine","2002","0.255","1223",""
"Ukraine","2001","0.277","1340",""
"Ukraine","2000","0.297","1450",""
"United Arab Emirates","2018","8.793","8469","23876"
"United Arab Emirates","2017","8.359","7930",""
"United Arab Emirates","2016","7.34","6871",""
"United Arab Emirates","2015","5.665","5247",""
"United Arab Emirates","2014","6.086","5608",""
"United Arab Emirates","2013","4.111","3781",""
"United Arab Emirates","2012","1.93","1764",""
"United Arab Emirates","2011","0.559","500",""
"United Arab Emirates","2010","1.787","1528",""
"United Arab Emirates","2009","6.545","5182",""
"United Arab Emirates","2008","4.374","3101",""
"United Arab Emirates","2007","5.466","3372",""
"United Arab Emirates","2006","6.871","3642",""
"United Arab Emirates","2005","6.081","2790",""
"United Arab Emirates","2004","4.93","2006",""
"United Arab Emirates","2003","4.922","1827",""
"United Arab Emirates","2002","4.637","1613",""
"United Arab Emirates","2001","4.581","1513",""
"United Arab Emirates","2000","4.368","1369",""
"United Kingdom of Great Britain and Northern Ireland","2018","8.892","59704",""
"United Kingdom of Great Britain and Northern Ireland","2017","8.741","58329",""
"United Kingdom of Great Britain and Northern Ireland","2016","8.528","56542",""
"United Kingdom of Great Britain and Northern Ireland","2015","8.257","54380",""
"United Kingdom of Great Britain and Northern Ireland","2014","8.141","53261",""
"United Kingdom of Great Britain and Northern Ireland","2013","7.897","51315",""
"United Kingdom of Great Britain and Northern Ireland","2012","7.707","49731",""
"United Kingdom of Great Britain and Northern Ireland","2011","7.504","48042",""
"United Kingdom of Great Britain and Northern Ireland","2010","6.404","40641",""
"United Kingdom of Great Britain and Northern Ireland","2009","6.31","39642",""
"United Kingdom of Great Britain and Northern Ireland","2008","6.262","38915",""
"United Kingdom of Great Britain and Northern Ireland","2007","6.205","38134",""
"United Kingdom of Great Britain and Northern Ireland","2006","6.2","37707",""
"United Kingdom of Great Britain and Northern Ireland","2005","6.049","36467",""
"United Kingdom of Great Britain and Northern Ireland","2004","6.143","36778",""
"United Kingdom of Great Britain and Northern Ireland","2003","6.028","35904",""
"United Kingdom of Great Britain and Northern Ireland","2002","5.893","34959",""
"United Republic of Tanzania","2014","0.142","707","1132"
"United Republic of Tanzania","2012","0.072","339","317"
"United Republic of Tanzania","2002","0.031","111","254"
"United States of America","2010","9.249","285794","53439"
"United States of America","2005","8.789","259259",""
"Uruguay","2016","","","492"
"Uruguay","2008","","","1035"
"Uzbekistan","2014","0.409","1243",""
"Uzbekistan","2013","0.377","1127",""
"Uzbekistan","2012","0.38","1118",""
"Uzbekistan","2011","0.373","1080",""
"Uzbekistan","2010","0.377","1074",""
"Uzbekistan","2009","0.353","992",""
"Uzbekistan","2008","0.342","944",""
"Uzbekistan","2007","0.33","899",""
"Uzbekistan","2006","0.273","731",""
"Uzbekistan","2005","0.313","828",""
"Uzbekistan","2004","0.298","777",""
"Uzbekistan","2003","0.297","766",""
"Uzbekistan","2002","0.302","767",""
"Uzbekistan","2001","0.268","673",""
"Uzbekistan","2000","0.272","673",""
"Uzbekistan","1999","0.301","736",""
"Uzbekistan","1998","0.307","737",""
"Vanuatu","2012","1.162","29",""
"Vanuatu","2008","0.089","2",""
"Viet Nam","2016","3.387","31719","1278"
"Viet Nam","2015","3.403","31535","1751"
"Viet Nam","2014","3.395","31134","1806"
"Viet Nam","2012","4.53","40684","7494"
"Viet Nam","2010","2.671","23494","7193"
"Viet Nam","2009","2.478","21583","8132"
"Viet Nam","2008","2.29","19751","8619"
"Viet Nam","2007","2.115","18064","8545"
"Viet Nam","2006","1.922","16265","7884"
"Viet Nam","2005","1.8","15090","8128"
"Viet Nam","2002","2.953","24080",""
"Viet Nam","2001","0.74","5977",""
"Yemen","2014","1.052","2716","3310"
"Yemen","2010","0.436","1010","1285"
"Yemen","2004","0.473","925","1713"
"Yemen","1997","0.368","588","624"
"Zambia","2018","0.444","771","105"
"Zambia","2016","0.708","1159",""
"Zambia","2012","0.283","409","814"
"Zambia","2011","0.257","360","722"
"Zambia","2010","0.233","317",""
"Zambia","2009","0.232","306",""
"Zimbabwe","2018","0.968","1397","1827"
"Zimbabwe","2017","0.191","272","726"
"Zimbabwe","2016","0.156","219","540"
"Zimbabwe","2015","0.102","141","443"
"Zimbabwe","2014","0.142","193","511"
"Zimbabwe","2013","0.295","394",""
"Zimbabwe","2012","0.288","378",""
"Zimbabwe","2010","0.043","55","177"
"Zimbabwe","2009","0.541","678","1850"
"Zimbabwe","2004","0.503","605","278"
"Zimbabwe","1995","0.437","499","204"
"Zimbabwe","1990","0.333","347","159"
